s,x,y,theta,velocity
0.0,-3.909288033361979,-6.664964317573234,1.1574361871483652,3.1286482924797867
0.07541001988157549,-3.879024886756765,-6.595969920738449,1.1386567977940427,3.005717874189281
0.15101691244555937,-3.8461223979225485,-6.528008898207327,1.1039140166355734,2.8771984661439487
0.22685287713332652,-3.8109628883430298,-6.460939653077247,1.0747114573436474,2.9552134951146414
0.3029140938271176,-3.773928679501913,-6.394620588445568,1.0509919016242684,3.0314442270756756
0.37916767426500614,-3.735402092882903,-6.32891010740965,1.0326773638987155,3.1059902743726955
0.4555584543530899,-3.6957654499697004,-6.263666613066869,1.0196899990588788,3.178918096621282
0.5320155826559027,-3.6554010722460104,-6.198748508514586,1.0119673765141,3.2502712248123466
0.6084589272210288,-3.6146912811955363,-6.134014196850165,1.0094727671304504,3.3200787795222433
0.6848108785321989,-3.5740183983019813,-6.069322081170978,1.0119048288598411,3.3883675730506173
0.7610341901371934,-3.533720542628349,-6.004545199124928,1.0172072873318025,3.4551953171609413
0.8371382043813645,-3.4938705617928,-5.9396444145084955,1.0229484804988829,3.520653173091028
0.9131442837583306,-3.4544427998081986,-5.874613203720986,1.0284615323019903,3.5848340605190807
0.9890735100277678,-3.415411437584928,-5.809445097161728,1.0337400018199427,3.647822720346254
1.0649466733614097,-3.3767506560333773,-5.7441336252300434,1.0387789534030027,3.709696696372386
1.140784282247783,-3.338434636063929,-5.678672318325264,1.0435738673191504,3.770527182290884
1.2166065742008687,-3.300437558586973,-5.613054706846706,1.0481206449607638,3.830379744113232
1.292433527222118,-3.262733604512892,-5.547274321193706,1.052415612343877,3.8893149399657063
1.3682836509121412,-3.225296954752075,-5.481324691765579,1.0564631981641681,3.9473879267663303
1.4441661836947055,-3.188104005451506,-5.415200902221136,1.0603181365607284,4.004643135296324
1.5200792990011802,-3.1511453740307993,-5.348908007761923,1.064049115496793,4.061113804477144
1.5960179777988215,-3.114417297956411,-5.282455004202896,1.0676765698962907,4.116828561611556
1.6719771093147253,-3.077916028532203,-5.2158508970613955,1.0712014263837555,4.171814017282662
1.7479515014766702,-3.0416378170620377,-5.149104691854754,1.0746245285575913,4.226094952526241
1.823935883681889,-3.005578914849776,-5.082225394100308,1.0779466847986194,4.279694479866417
1.899924909509015,-2.969735573199281,-5.015222009315392,1.0811686677837156,4.332634186723111
1.975913159375295,-2.934104043414412,-4.948103543017345,1.0842912140173409,4.384934263493527
2.051895182810096,-2.898680576799032,-4.880879000723499,1.0873149852275643,4.436613645086568
2.127867148244437,-2.8634613826427744,-4.813557320401881,1.0902389517615978,4.487691213572338
2.2038290068713096,-2.8284409251953604,-4.746144634393221,1.0930595493316193,4.538187257059321
2.2797829988789085,-2.793611334990966,-4.6786433229544855,1.0957742379133741,4.588122440844534
2.3557314523388864,-2.7589645796870292,-4.611055504473865,1.0983825975042696,4.637516388428301
2.431676631943617,-2.7244926269409797,-4.54338329733956,1.100884385933381,4.686387663282825
2.5076207415147618,-2.6901874444102534,-4.475628819939763,1.1032793842277293,4.734753846610859
2.583565926530296,-2.65604099975228,-4.407794190662676,1.1055673958308094,4.782631608026017
2.6595142766684203,-2.6220452606244944,-4.339881527896486,1.1077482458429102,4.830036769934393
2.7354678283668665,-2.5881921946843285,-4.2718929500294,1.1098217802848394,4.876984366297369
2.8114284779649337,-2.554473769589217,-4.203830575449604,1.1117996785319957,4.923488641877561
2.887396405694012,-2.520883641154298,-4.1356958877588195,1.1139073753833586,4.969562151042265
2.9633689683099798,-2.4874460058553813,-4.067478886561483,1.1165443813068294,5.0152151846922415
3.0393425047775984,-2.454211602777436,-3.9991595908249167,1.119902907496241,5.060456952447412
3.115313865499337,-2.4212320546150368,-3.9307176872587295,1.1239895997486702,5.105296537117485
3.1912805792875387,-2.388558984062759,-3.8621328625725226,1.128805039206542,5.149743004717128
3.2672409747840097,-2.3562440138151777,-3.7933848034758935,1.1343498613853873,5.193805482265563
3.3431943021284973,-2.324338766566867,-3.724453196678457,1.1406246795342294,5.237493231659468
3.4191408548172797,-2.2928948650124017,-3.655317728889809,1.1476299961247969,5.28081571992542
3.495082091641434,-2.261963931846357,-3.5859580868195557,1.1553661024256643,5.323782686094199
3.5710207566654155,-2.2315975897633082,-3.5163539571773015,1.1637834825199695,5.366404203831487
3.6469605579011666,-2.2018405613702727,-3.446488005063312,1.172399554928779,5.408690496443179
3.722904717146965,-2.172677238842338,-3.3763689369278076,1.1805575082994353,5.45065113924837
3.79885518010858,-2.144060834023821,-3.306018918065586,1.1880316843051946,5.492294658843355
3.8748127247197592,-2.115944297571061,-3.2354602265120054,1.194820391064565,3.533628636548203
3.9507770698262363,-2.088280580140392,-3.1647151403024374,1.2009240617512353,3.574659806469377
4.026746982569122,-2.061022632388152,-3.0938059374722435,1.206343285879149,0.615394147726631
4.102720385632125,-2.0341234049706776,-3.0227548960567923,1.2110787234477662,0.655836971899077
4.178694464271477,-2.0075358485443084,-2.9515842940914414,1.2151310289558492,0.695993006011913
4.2546657840688455,-1.9812129137653773,-2.880316409611563,1.2185012210533837,5.735866477117545
4.3306314078897,-1.9551076058678643,-2.8089734771914756,1.2212299262010395,5.775461711953943
4.4065908335665185,-1.9291779102972963,-2.737573765583777,1.2234280603278185,5.814784135314644
4.48254530930798,-1.9033907153349165,-2.6661284540712717,1.2251738684187226,5.853839884618954
4.558496093464107,-1.8777138323491958,-2.594647986867715,1.226474540647645,5.892634902969333
4.634444312424401,-1.8521150727086013,-2.5231428081868668,1.2273299526579113,5.931174876317017
4.710391005782359,-1.8265622477816024,-2.4516233622424846,1.2277400231091469,5.96946526697341
4.786337171520226,-1.8010231689366707,-2.38010009324832,1.2277047086074602,5.00751134564298
4.8622838112040165,-1.7754656475422692,-2.3085834454181384,1.2272240012753954,5.045318222073332
4.938231975060454,-1.7498574949668724,-2.23708386296569,1.2262980062801596,4.082890874351643
5.01418257729753,-1.7241665337134071,-2.1656117863628186,1.2250670009385836,4.1202340643714725
5.090135631976465,-1.6983807685239514,-2.0941708735091016,1.2241008531035031,4.15735197392244
5.166090203339693,-1.6725500896027903,-2.0227439846802113,1.2239112711331503,4.19424819965635
5.242045184603537,-1.6467362089272504,-1.9513100072512284,1.224580279468976,4.2309261467721635
5.317999599871664,-1.6210008384746617,-1.879847828597228,1.2261078912865342,5.267389180363524
5.39395277212694,-1.5954056902223535,-1.808336336093289,1.2284941775226936,4.303640707691819
5.469904491258752,-1.5700124761476504,-1.7367544171144917,1.2317392330944665,4.329821480105681
5.545855182126197,-1.5448829082278834,-1.6650809590359152,1.235843124113382,3.269540099667026
5.621806072621324,-1.52007869844038,-1.5932948492326329,1.2408058160828084,3.20867330082535
5.697759170421601,-1.4956615587624675,-1.5213749750797323,1.2465712680835135,3.147202060968777
5.77371594778891,-1.4716852860234226,-1.4493032873393208,1.2527322460899188,3.08510685236551
5.849676302516899,-1.4481538866167325,-1.3770810070859145,1.2588015692865762,3.022368459121859
5.925639350924621,-1.4250520540410916,-1.3047168300326621,1.2646431780801475,3.958967307625422
6.001603905201261,-1.4023644393023718,-1.2322194683386645,1.2702572351543153,3.894883020941313
6.077568486850402,-1.380075693406451,-1.159597634163001,1.275644226133127,3.830094340067816
6.153531338916117,-1.3581704673592032,-1.0868600396647654,1.2808046513582785,3.764579038701233
6.22949043814996,-1.3366334121665053,-1.0140153970030372,1.285739017620139,3.698313829642519
6.305443507113295,-1.3154491788342364,-0.9410724183369101,1.2904478302934004,3.631274261786745
6.38138807997957,-1.2946024183682683,-0.868039815825469,1.2949292647517043,3.563434558148329
6.457323287278,-1.2740774132609722,-0.7949262941846946,1.299103625266265,3.494765873976324
6.533251847859208,-1.253846104823248,-0.7217403088678509,1.3027985662118773,3.425234225727284
6.609178308215667,-1.2338654648562182,-0.6484900129794209,1.3059133299940806,3.354801751740033
6.685106928482441,-1.214091564831457,-0.5751835414393724,1.3084416680624438,3.283428394307089
6.761041631004289,-1.1944804762205417,-0.5018290291676664,1.3103832366452168,-5.211071729745417
6.836986078642651,-1.1749882704950476,-0.4284346110842705,1.3117378921564473,-5.13768664830469
6.912943753182168,-1.1555710191265565,-0.3550084221091385,1.31250567114862,5.063224995077062
6.9889180337730075,-1.136184793586641,-0.28155859716224363,1.3126867761956162,4.987635165573432
7.064912275351782,-1.1167856653468773,-0.20809327116354126,1.312281567732639,4.910861648333922
7.140929221946999,-1.0973297058788454,-0.13462057903299218,1.3113897025011947,4.832845193374685
7.216965654187384,-1.0777878962053533,-0.061146074250416405,1.3109061917773506,4.753527988843754
7.2930104093495975,-1.0582508761299527,0.01234540742933099,1.3120086861883977,4.672855742380542
7.369050243076945,-1.0388668595352986,0.08587899862918569,1.3150824184041063,4.590771444084898
7.445073279057119,-1.0197844279285855,0.15947989562262244,1.3201317511291604,4.507211121305902
7.521069917242988,-1.0011521628170055,0.2331732946831,1.3271602340607762,4.422101956102427
7.597033729665143,-0.9831186457077541,0.3069843920840878,1.3361724612497337,4.335360144894927
7.672962360962544,-0.9658324581080215,0.3809383840990499,1.3471732489374135,4.246888422477021
7.74885843297558,-0.9494421815250025,0.4550604670014575,1.3601665718899245,4.156573174243297
7.824730451052277,-0.9340963974658925,0.5293758370647712,1.3751542547419187,4.06428103999613
7.900593551588881,-0.9199436874378843,0.6039096905624657,1.391879830952277,3.969855081322993
7.976466568624837,-0.90709467626115,0.6786800471329695,1.4088476658120088,4.026783762374349
8.052364224139716,-0.8954759028513299,0.7536701204963432,1.42444317457042,4.0829368599099105
8.128294833482228,-0.8849581764408034,0.8288525873203323,1.4382908640854646,4.138351973680595
8.20426122002045,-0.8754122940861029,0.9042001219705238,1.4503924724519544,4.193060383215989
8.28026141294391,-0.8667090528437713,0.9796853988125243,1.4607519782944929,4.247088006485876
8.356289343758537,-0.85871924977035,1.0552810922119278,1.469374413158046,3.300456268784038
8.432335539255199,-0.8513136819223748,1.1309598765343374,1.4762649232087772,3.353182892172566
8.508387809890774,-0.8443631463563861,1.2066944261453507,1.4814279965752066,3.405282614829309
8.584431940223693,-0.8477384401289243,1.2824574154105708,1.4848679397145572,3.456767853334394
8.660454807982818,-0.8413105240190817,1.3582215461024045,1.486978352027142,3.507650929815841
8.736451300651106,-0.8450091915206843,1.433969368467599,1.4891192263030153,3.557948646165218
8.812423709673839,-0.8489099760701568,1.5097078293167296,1.4924073609492767,3.6076816638322295
8.888376218682339,-0.8431105889250998,1.5854475879816334,1.4969909276288653,3.65687077008443
8.964314363377401,-0.8477087413431103,1.661199303794124,1.5028701495852688,3.705536551493052
9.040245413221667,-0.8428021445817801,1.7369736360860202,1.5100444633536245,0.749222117278117
9.116178751987553,-0.8484885098987107,1.8127812441891518,1.5185122229847678,0.668594791967362
9.192126256111905,-0.8448655485514946,1.8886327874353253,1.528270341562555,3.586534889253679
9.268102669444037,-0.8420309717977307,1.9645389251563703,1.5393138728644449,3.502947718663847
9.344125960663126,-0.8400824908950135,2.040510316684106,1.5516353998473387,0.41772625281706
9.420211092439832,-0.8491177966043772,2.116557597172088,1.5651503780729434,0.330756738384414
9.496352339990121,-0.8492233499544368,2.1926781548982266,1.5795827802803113,3.241938407327375
9.57252616534772,-0.8404558024479975,2.2688342140717968,1.5947147272375288,0.15118094016427
9.648708519768242,-0.8428669146398013,2.3449822294163543,1.61053149718399,0.861355021047494
9.724877869384665,-0.8465084470845856,2.421078655655455,1.627051007906773,3.8744541308071706
9.801015357428549,-0.8414321603370904,2.497079947512651,1.64429126693548,3.7904059154555015
9.877104973666778,-0.8476898149520515,2.572942559711498,1.6622701493941712,3.7091679514843984
9.953133730688752,-0.8453331714842134,2.6486229469755482,1.6810051444062373,3.6307238118497477
10.02909184648395,-0.8444139904883099,2.7240775640283577,1.7005130673064144,2.5550797895614107
10.1049729325223,-0.8449840325190803,2.7992628655934766,1.7208097354041867,2.4827742878101465
10.180774626417053,-0.8470950581312655,2.8741353063944626,1.7418976352784687,2.2254201129843716
10.256508215439014,-0.8607971895037725,2.9486525175635485,1.763503105306643,2.003727461472779
10.332205463610642,-0.8761034867707505,3.0227987420215765,1.7850761668015227,2.017895711319363
10.407906780395194,-0.8929902895551045,3.096584589245495,1.806311427802504,2.04760084638199
10.48365124001664,-0.911432367412444,3.1700217960731276,1.8271733097303442,3.0814815988826454
10.559476150908306,-0.9314044898983802,3.2431220993422816,1.84763998374939,3.1190523523904194
10.635417037021949,-0.952881426568525,3.315897235890777,1.867691808159327,3.1603126159109505
10.711507627773765,-0.975837946978487,3.3883589425564278,1.8873113357298623,3.1052664511387836
10.787779856212666,-1.00024882068388,3.4605189561770544,1.9064832941415162,3.1300039611488693
10.86426386491725,-1.026088817240315,3.532389013590473,1.9251945423414,2.1260294349522875
10.940988019066817,-1.0533327062034017,3.603980851634498,1.943434005895537,2.018642909083662
11.017975196057344,-1.081955257128751,3.675306207146944,1.9612714403397706,2.007488246750009
11.09519387186618,-1.111939627204209,3.7463652977467365,1.9798641136544453,2.092231673751272
11.172534031263675,-1.1433833628079721,3.8170012437831726,2.0011190561517136,2.1725995334545676
11.249865564790703,-1.1764667079224376,3.886943592218193,2.0259388077286085,2.0482900886244164
11.327078576641956,-1.1113717459893474,3.9559193637781913,2.0544730077899285,2.9188940278628355
11.404087965483674,-1.2482805604504374,4.023655579189539,2.0868700030813074,2.6838549634411893
11.480837550313625,-1.287375234747448,4.089879259178632,2.1232835670074994,2.4424141630669156
11.55730451062286,-1.3288378523221187,4.1543174244718575,2.1638589015981466,2.3035832283038175
11.63350406546839,-1.3728504966161896,4.216697095795594,2.2087146794654315,2.1514843788526217
11.709494246873039,-1.4195952510713985,4.276745293876223,2.257920824058163,2.115018240380496
11.785380537230717,-1.4692541991294856,4.334189039440142,2.3114724559272926,2.0837078263029426
11.861320045298696,-1.5220094242321895,4.3887553532137265,2.3692615900823517,2.080394645805067
11.93750851012849,-1.5780430098212506,4.440171255923369,2.4307369240726038,2.081251981623392
12.014073580518524,-1.6374812413219049,4.4881786309231355,2.4935465925659037,2.004360033699578
12.091015660566413,-1.7001282771215092,4.532605164872132,2.555377003841386,2.008789590116399
12.16828510983158,-1.7656729311292114,4.573309268138713,2.615939556892074,2.1221677480733794
12.24582061656285,-1.8338038705666575,4.6101493901636115,2.6756015830423685,2.1385893419241486
12.323553789267546,-1.9042097626554915,4.642983980387557,2.7347342431337722,2.147544805951043
12.40141356704357,-1.97657927461736,4.6716714882512935,2.7937077404814197,2.1488407869951165
12.479330550836679,-2.0506010736739064,4.696070363195547,2.8528882404219513,2.1425978974101474
12.557241314024491,-2.125963827046778,4.716039054661055,2.9126349646131366,2.1292431985516354
12.635092746458858,-2.2023562019576204,4.731436012088553,2.973296751271889,2.1094917738228096
12.712846474675427,-2.279466865628076,4.742119684918771,3.0352074057926552,2.084322629339567
12.790483387950344,-2.3569844852797965,4.747948522592454,3.0986787611373,2.0582093392127097
12.868011971991494,-2.4345977378110835,4.748781044177038,-3.119606218579633,2.0447555819727534
12.945469020686849,-2.512004177296541,4.744539642903005,-3.0546452000956843,2.0524512200457146
13.022891267563578,-2.588926639589059,4.7353286225964535,-2.9908381344869848,2.07089541643425
13.100298015184535,-2.6650924313932505,4.721284456311919,-2.928205970010401,2.0884522619447585
13.177692812285276,-2.7402288594137323,4.702543617103933,-2.8665306412623495,2.102547877585437
13.255067044312934,-2.8140632303551216,4.679242578027031,-2.805571021575637,2.112449017176102
13.332403525579117,-2.8863228509220313,4.651517812135738,-2.745069621167938,2.117620038391833
13.40968008387653,-2.9567350278190765,4.61950579248459,-2.684758280922709,2.117741670988024
13.486873142306333,-3.0250270677508757,4.583342992128122,-2.6243631779294376,2.112722926456612
13.56396131118499,-3.0909262774220414,4.543165884120862,-2.5636095251266777,2.1027854126879006
13.64092933736079,-3.154159963537192,4.499110941517342,-2.5022359804375074,2.093013090676069
13.717787785657647,-3.2144568474224955,4.45131542691483,-2.4405512543013375,2.0964605760333352
13.79458600693377,-3.2716259404196486,4.399961415177307,-2.379789859266528,2.118915374935909
13.871378557409049,-3.325598135017329,4.345299006693866,-2.3207875649577905,2.150497021981218
13.94819772189728,-3.3763145135609625,4.287583989118383,-2.2635127380576967,2.182306206560124
14.025054108694341,-3.4237161583959796,4.227072150104737,-2.2078235208354515,2.2124996440206544
14.101939363486652,-3.467744151867805,4.164019277306808,-2.1535471286445342,2.2399388955199413
14.178828882816543,-3.5083395763218688,4.09868115837847,-2.1004868245774415,2.26357233880484
14.255684490479664,-3.5454435141036003,4.031313580973615,-2.04842750125959,2.2824594653907035
14.332457060050304,-3.578997047558425,3.9621723327461087,-1.9971399273381776,2.2961335183025176
14.409092203340709,-3.608941259031771,3.8915132013498397,-1.9464160548339182,2.3101501646273945
14.48557813285707,-3.635224117370545,3.81958798097879,-1.8965729818848653,2.337741621793333
14.561970853839286,-3.657899089812537,3.7465872876519466,-1.8484468240501257,2.383893302940318
14.638340437581302,-3.677102131160837,3.6726539031164815,-1.8024858169128724,2.440828158392524
14.714734727450073,-3.6929713930393064,3.597929335190315,-1.7587133751330095,2.5028628427365507
14.791179822824775,-3.7056450270718058,3.5225550916913715,-1.7171073276545974,2.56909596187817
14.8676816228475,-3.7152611848821957,3.446672680437576,-1.677617711633817,2.6387657690548187
14.944227409309425,-3.7219580180943375,3.370423609246851,-1.6401731793520995,2.7111041645955503
15.020787417308583,-3.72587367833209,3.2939493859371165,-1.604686686588921,2.785335557997892
15.097316355827955,-3.7271463172193178,3.2173915183263073,-1.5710603318173098,2.860678685781967
15.173755036943492,-3.7259140863798788,3.1408915142323366,-1.5391895870451788,2.937156012488605
15.250054983877929,-3.7223151666867045,3.064590510910577,-1.5090095958711347,3.0140811407964088
15.326224593389526,-3.716491435788387,2.988582810394959,-1.4805913371562796,3.0889646777478963
15.402311092536644,-3.708592037409277,2.912870659291114,-1.4540555303533562,3.16199648564904
15.478355274718762,-3.6987669622836115,2.837445573259842,-1.4294485771994607,3.2333398937243802
15.554386954821535,-3.6871662011456294,2.7622990679619654,-1.4067932157036191,3.3031313853624154
15.630425807169892,-3.6739397447295676,2.6874226590582904,-1.3861010305189565,3.371484845443678
15.70648223772029,-3.659237583769662,2.6128078622096247,-1.3673750041989863,3.43849511361566
15.782558274696589,-3.6432097090001525,2.5384461930767834,-1.3506119077453584,3.5042409831826
15.85864846553265,-3.626006111155274,2.4643291673205763,-1.3358044780950709,3.568787751216499
15.934740771417019,-3.6077767809692665,2.390448300601822,-1.322943355129206,3.63218940152343
16.010817609846907,-3.588671709176366,2.316795108581317,-1.3120129768517175,3.6944906115888916
16.086863733070626,-3.5688399546228715,2.243361030805895,-1.3027467100237242,3.7557339653469572
16.162877268340818,-3.548389893982569,2.170134184016792,-1.2945443841550996,3.8159689241504497
16.238865017189692,-3.527374324092342,2.097098145350296,-1.287038438316312,3.875247775713856
16.314833313153475,-3.505842039132004,2.0242361650168963,-1.2802063791477107,3.9336185756829414
16.390787436210413,-3.483841833281376,1.951531493227094,-1.274049977093234,3.991125134257197
16.46673171586542,-3.4614225007202726,1.8789673801913747,-1.268570549784272,4.047807494833416
16.542669634938765,-3.438632835628514,1.8065270761202505,-1.2637690452950892,4.10370235636914
16.61860393386336,-3.415521632185917,1.7341938312242018,-1.2596461168652855,4.158843447788964
16.694536715335047,-3.3921376845722997,1.66195089571373,-1.2562021887677635,4.213261861319246
16.77046954919561,-3.3685297869674784,1.5897815197993292,-1.2534375130981639,4.26698635048329
16.84640356585394,-3.344746733551273,1.5176689536914978,-1.2513610154213242,4.32004358949776
16.922339241548162,-3.320838594346342,1.4455960500395637,-1.2502049372163793,4.372458195263394
16.998276164066446,-3.296887837541341,1.3735355660075133,-1.2504284002423576,4.424252728363934
17.074213680525492,-3.273011122724868,1.301449604490296,-1.252278384718886,4.475448279579375
17.150151812438803,-3.249326744301476,1.2292997589632844,-1.2557661478065223,4.421390424453495
17.22609188262753,-3.2259529966757183,1.1570476229018265,-1.2608915854638223,4.334661761148361
17.302037126087928,-3.20300817425215,1.0846547897812915,-1.2676542249072549,4.246155926123984
17.37799330013031,-3.1806105714353246,1.0120828530770307,-1.2760528126839366,4.1557524479369565
17.453969292716284,-3.158878482629794,0.9392934062644098,-1.2860847726812434,4.063313731755679
17.529977727217265,-3.1379302022401157,0.8662480428187909,-1.2977455370615867,3.968681662424494
17.606035560954144,-3.117884024670842,0.7929083562155341,-1.3110277558948045,3.871673514166149
17.682159882281898,-3.098858244326526,0.7192359399299963,-1.3259404709460527,3.7720833218551957
17.758344375651,-3.0809764442303647,0.6452009437526733,-1.3425992888784377,3.6697094780550548
17.834557748819872,-3.064389077636455,0.5708169901044453,-1.3611553908385725,3.564356031829367
17.910769274470056,-3.0492551105767918,0.49611147400263,-1.3816706775682193,3.4557949396826997
17.986957483641692,-3.0357335124810767,0.42111179596162174,-1.4041749181347514,3.343745889480866
18.06311118075258,-3.0239832527790105,0.3458453564958113,-1.4286957010408556,3.227863008603576
18.13923047846533,-3.014163300900293,0.2703395561195787,-1.4552557412371125,3.1077172691838975
18.215327842367056,-3.0064326262746257,0.19462179534731483,-1.4838698108525568,2.997471872798107
18.291429126953624,-3.000950198331707,0.11871947469340682,-1.514541329874783,2.898780425588869
18.367574578505444,-2.9978749865012397,0.042659994672238355,-1.547258682561784,2.8120960417240166
18.44381411719413,-2.9973659602129232,-0.033529244201798036,-1.581933637342978,2.7449822574872047
18.52016759302555,-2.999573158230787,-0.10980962607442457,-1.6180893373463583,2.701023753458402
18.59660935646357,-3.00458523984529,-0.18606545330556123,-1.655221601360825,2.668501215188377
18.67310506583057,-3.0124650644361246,-0.26214862812067885,-1.6932670305264286,2.6358761868541833
18.74962896254781,-3.023275402154675,-0.33791094069023764,-1.7323231170136573,2.6009211783253345
18.826164899140313,-3.0370790231523292,-0.413204181184712,-1.7724804422880667,2.5643539446959305
18.90270733308266,-3.0539386975804717,-0.4878801397745711,-1.8138203548746574,2.526913156791735
18.979262334198214,-3.0739171955904907,-0.5617906066302787,-1.8564127945178588,2.4893431770629757
19.05584859046752,-3.0970772873337715,-0.6347873719223003,-1.9003137320823738,2.452388655394287
19.132498391806003,-3.123481742961702,-0.7067222258211139,-1.945562277148534,2.4168132545304593
19.209258432740302,-3.1531933326256647,-0.7774469584971762,-1.9921758315169575,2.3863439793563535
19.286171477761993,-3.1862744769802958,-0.8468132251444533,-2.039924616880393,2.3685773041402984
19.363233761073452,-3.222739480753993,-0.9146540984664497,-2.088181331302416,2.36285909767178
19.440402137013983,-3.26250588990426,-0.9807652826886315,-2.1366084842884803,2.3585667741040783
19.51763202422114,-3.3054796570296787,-1.0449380046523853,-2.1853522067091764,2.3494863906360495
19.594883968093374,-3.351566734728837,-1.1069634911991049,-2.234607422090365,2.335395421243359
19.672125605303282,-3.4006730756003236,-1.1666329691701876,-2.284562279697181,2.3168295415181293
19.749333657583673,-3.4527046322427197,-1.2237376654070218,-2.335396163896227,2.2944453521760857
19.826495958427536,-3.507567357254614,-1.2780688067510049,-2.3872770675413277,2.269004678056207
19.90361350827704,-3.5651672032345916,-1.3294176200435217,-2.440358208898925,2.2413576865123934
19.980702543591935,-3.6254101227812408,-1.3775753321259732,-2.4947738121372534,2.2124254458322996
20.057796592846056,-3.6882020684931414,-1.4223331698397512,-2.5506340365706803,2.1832072472265662
20.134948403554485,-3.7534489929688863,-1.4634823600262497,-2.608016615627585,2.158601712846848
20.21221757150077,-3.821056522312171,-1.5008143885025849,-2.66655718001975,2.15001215373407
20.289631114352975,-3.8908763030619555,-1.5341635576747574,-2.72507297870098,2.159839669476727
20.367175976914936,-3.962646286444857,-1.5634543530665237,-2.7827980251565805,2.1753033771285706
20.444826179768114,-4.036090033137938,-1.588622674785059,-2.8398689878989267,2.1868816521851384
20.52254974386757,-4.110931103818252,-1.6096044229375295,-2.8965386846710044,2.193193438441983
20.6003117849513,-4.186893059162859,-1.6263354976311089,-2.9530639130713574,2.1940388122993015
20.67807758144227,-4.2636994598488105,-1.6387517989729687,-3.0097020917347863,2.1894290334364768
20.755815635454294,-4.341073866553171,-1.646789227070279,-3.0667080834050946,2.1795856444041823
20.83350074616245,-4.418739839952991,-1.650383682030208,-3.1243308510754675,2.1649329853892962
20.91111711041935,-4.496420940725335,-1.6494710639599326,3.1003756978589583,2.14608464812234
20.988661456923868,-4.573840729547252,-1.6439872729666263,3.0408161494678465,2.123824764587579
21.066146207183785,-4.650722767095806,-1.633868209157452,2.979971176390816,2.0997558482156085
21.14360278920301,-4.7267906140480465,-1.6190497726395865,2.9177422399883914,2.083811067293214
21.221080214027342,-4.80177083885104,-1.599479716730059,2.855064645382209,2.0896529288116996
21.298622075369927,-4.875428097285748,-1.5752558917153952,2.79349558551221,2.1142408175005634
21.37624921690234,-4.947553186183656,-1.5465791661839408,2.7335747063385454,2.1431487663617244
21.45396147987488,-5.017937414280625,-1.5136524260691644,2.6751185627797596,2.1693365443089294
21.53174109643193,-5.086372090312524,-1.476678557304533,2.6179021011430565,2.1916086312182186
21.609556008544843,-5.1526485230152215,-1.4358604458235043,2.561679372101395,2.2090331934353777
21.687363129872054,-5.216558021124578,-1.3914009775595577,2.5061891974576174,2.220852720769226
21.76511154923396,-5.277891893376465,-1.3435030384461513,2.4511594470376474,2.226507559041256
21.84274568993899,-5.3364414485067435,-1.2923695144167517,2.39631024109729,2.2256546652519034
21.920208449963585,-5.391997995251284,-1.2382032914048278,2.3413564363765365,2.218180310141857
21.99744435454694,-5.44435284234595,-1.181207255343848,2.2860097782015503,2.204205797049765
22.074402755483433,-5.49329729852661,-1.1215842921672703,2.2299811206939824,2.1872171970456162
22.1510599736594,-5.538622672611308,-1.0595372878064637,2.17332211113967,2.1844111950974585
22.227483799428857,-5.580184466908196,-0.9952674826582388,2.1175185191522212,2.2146634053429612
22.3038054931178,-5.618086640410814,-0.9289697481860841,2.0642956589885344,2.2725784773372673
22.380136848406014,-5.6524932538910075,-0.8608374152057916,2.0141050808853636,2.3434078857560308
22.456554448662867,-5.683568368120619,-0.7910638145331692,1.9670056606595667,2.423174736273892
22.53310202887708,-5.711476043871493,-0.7198422769839983,1.9229943555153004,2.5113248068294256
22.60979308703871,-5.736380341915472,-0.6473661333740832,1.8820202183036159,2.601326322160797
22.68661359120438,-5.758445323024402,-0.573828714519216,1.8439976155046531,2.688460834633945
22.763524665201615,-5.777835047970124,-0.49942335123519577,1.8088179036715617,2.7729565635516273
22.840465170656287,-5.794713577524485,-0.4243433743378162,1.7763592481098776,2.8549835614364008
22.917354132761407,-5.809244972459324,-0.3487821146428747,1.7464945710434476,2.9346660642571907
22.994093998706973,-5.821593293546489,-0.2729329029661631,1.719096523480211,3.0120929773790506
23.07061316932459,-5.831922708059794,-0.19698702773486687,1.6940072064452887,3.087364430721115
23.146920188631782,-5.84040160984498,-0.12105472439514564,1.6710942847079944,3.160642536561998
23.223068591665058,-5.847203933673011,-0.04513997005527237,1.65034595036263,3.2321125695316866
23.299104934225593,-5.852503989743887,0.030760457779944517,1.6318060287447052,3.3019342388194124
23.3750662352589,-5.8564760882576,0.10664978160567351,1.6155086520699202,3.3702429472795816
23.45098107562557,-5.859294539414147,0.1825312239171204,1.6014773894794587,3.4371538467004616
23.526870739385192,-5.861133653413523,0.25840800720944834,1.5897275786188494,3.502765271674012
23.602750383098794,-5.862167740455722,0.3342833539778507,1.5802684246595038,3.5671616743185504
23.678630222256608,-5.86257111074074,0.41016048671751015,1.5731048077293501,3.6304161532356063
23.754516727135442,-5.862518074468572,0.48604262792360764,1.5682387618805318,3.6925926494736774
23.830413823052556,-5.862182941839214,0.5619330000913294,1.5656706048322806,3.753747867192164
23.906323840280354,-5.861740023052661,0.6378348257158564,1.5652771782599435,3.8139327673435077
23.982247131611835,-5.8613450287724325,0.7137507222577177,1.5662299029253022,3.873192856262827
24.058182178800553,-5.861046629602878,0.7896798252118682,1.56757154417708,3.9315687943793773
24.134126991176522,-5.860855281580751,0.8656200269703564,1.569050081777219,3.989097900427305
24.210079623487253,-5.860781393237219,0.9415692183799091,1.5706652682867668,4.045814856497752
24.286038180845637,-5.860835373103449,1.0175252902872334,1.57241718815518,4.101751966807382
24.362000823024168,-5.861027629710611,1.0934861335390398,1.5743059439286413,4.156939384965748
24.437965768760883,-5.861368571589872,1.1694496389820639,1.5763316552824058,4.211405314701934
24.513931300078198,-5.8618686072724,1.2454136974629986,1.5784944579803017,4.265176187756327
24.58989576661566,-5.8625381452893635,1.3213761998285811,1.580794502759771,4.318276822047003
24.66585760122185,-5.86338759417193,1.3973350369255098,1.583230844911665,4.370730570449922
24.741815813437505,-5.86442719422575,1.4732881241830196,1.5857532549410436,6.0
24.817770604128913,-5.865659712498339,1.5492344690847712,1.5882446719830314,4.473786286458921
24.89372285291636,-5.867077630549089,1.6251745821152497,1.5906322523806917,4.524431149838904
24.9696734292767,-5.868672681216887,1.7011090831681717,1.5929109752690622,4.574514257032614
25.045623146121365,-5.870436597340622,1.777038592137263,1.5950807695337215,4.624054388614241
25.12157276248126,-5.872361111759183,1.8529637289162455,1.5971415742902066,4.673069300472871
25.19752298619744,-5.874437957311459,1.9288851133988523,1.5990933381187225,6.0
25.273474476616713,-5.876658866836337,2.0048033654787965,1.6009360183351151,4.7695898116960445
25.34942784729155,-5.8790155731727065,2.0807191050498037,1.602669580298567,4.817126445909816
25.425383512802245,-5.881499809159456,2.1566329520056033,1.604334512018318,4.864199953635531
25.501341046961347,-5.88410944846451,2.2325450083970306,1.6061500432680893,4.910823392660594
25.577299276577055,-5.886869452676597,2.308453092008909,1.6083442123798397,4.957008752422852
25.653257053068373,-5.889812250063931,2.384354390977057,1.6109663909495244,5.002767477161483
25.729213483628126,-5.8929702691295285,2.4602460934174992,1.614016711206477,5.048110638041047
25.805167973056495,-5.896375938376402,2.5361253874462477,1.6174953130930978,5.093048983710387
25.88112026562084,-5.900061686307568,2.6119894611793377,1.6214023290447912,5.137592987563289
25.957070486938946,-5.904059941426041,2.6878355027327796,1.625737864845363,6.0
26.033019185870554,-5.908403132234836,2.7636607002226015,1.630501978104603,5.225538749962319
26.108967423425476,-5.913123687236966,2.8394622417648243,1.6355847922602427,5.268960490712309
26.18491666447699,-5.918237388440183,2.9152384906659368,1.6402750914639095,5.312027870690851
26.260867777323195,-5.923668917185457,2.990994241654409,1.6437669125456904,5.354749926567403
26.3368206039953,-5.929311948586801,3.0667364784013103,1.64585553351874,5.397134770978601
26.412774318714114,-5.9350601318564165,3.1424721864062803,1.6465409219541023,5.4391898316219045
26.488727876558418,-5.940807116206501,3.218208351168972,1.6458231506902574,5.480922127843539
26.56468046209959,-5.946446550849254,3.293951958189025,1.6437021864116783,5.522338534057106
26.640631938062178,-5.951872084996877,3.369709992966097,1.6401779320446297,5.563446031059121
26.716583294035694,-5.956977367861566,3.4454894409998253,1.6352503520464117,5.604251946187696
26.792536911470073,-5.9616560486555255,3.521297287789867,1.628974552845878,5.6447640855003725
26.868494987643853,-5.965810076655208,3.597139667708655,1.6218921026777358,5.684989888996948
26.944457725272297,-5.969414945173779,3.6730151735809162,1.6147431798936582,5.7249354986557
27.02042416446725,-5.972484574275743,3.7489184577734864,1.607783414639331,5.764606239712987
27.09639303427771,-5.975033218680574,3.824844138336145,1.6010143460071231,5.752288590769461
27.172362770431576,-5.977075133107745,3.9007868333186426,1.5944352669454556,5.685870792583827
27.24833152443143,-5.97862457227673,3.976741160770752,1.588045443179666,5.618668804081562
27.3242971725861,-5.979695790907,4.052701738742234,1.5818441202812557,5.550656055675996
27.400257324971058,-5.980303043718031,4.128663185282862,1.5758305304443299,5.481804550014804
27.476209335221203,-5.980460585429295,4.204620118442401,1.5700038874639968,5.412084720517736
27.552151207357895,-5.980182669010263,4.280567158088326,1.564352166052059,5.341464434094325
27.628084214437887,-5.979481828941177,4.356500709072806,1.5588315199246257,5.26990628283793
27.704012533928424,-5.978365664834096,4.432422302066607,1.553404488478158,5.197367510094828
27.77994069377363,-5.976840895969884,4.508334382135372,1.5480661537461922,5.123802048921998
27.85587311356463,-5.974914241629403,4.584239394344708,1.5428173078125875,5.0491606469419485
27.931814105799237,-5.972592421093516,4.660139783760259,1.53765869641687,4.973390525213273
28.007767877202802,-5.969882153643086,4.736037995447633,1.5325910197458958,4.896434989075779
28.083738530107667,-5.966790158558975,4.811936474472473,1.5276149332726403,4.818232982452891
28.159730063888528,-5.963323155122047,4.887837665900394,1.5227310486375611,4.738718575246716
28.23574637645109,-5.959487862613162,4.963744014797028,1.5179399345682172,4.657820371135264
28.311790374267847,-5.955291000313187,5.039657966227994,1.5131760954627478,4.5754617943542115
28.38785729828241,-5.950729365501162,5.115579607278368,1.5078574059221392,4.491567809957836
28.463933485678666,-5.9457221805175715,5.191490589217482,1.501223055146011,4.406066218009762
28.540004343686373,-5.94015216486999,5.26736388835454,1.4930248933828942,4.31887843512755
28.616058193447103,-5.933901825292848,5.343172430432821,1.483256402692964,4.229913999102404
28.69208685842534,-5.926853668520572,5.418889141195626,1.4719118056626188,4.139068227272908
28.768086239359576,-5.918890201287591,5.494486946386244,1.4589853675549793,4.0462194676855745
28.844056893306263,-5.909893930328335,5.569938771747969,1.4444722417007192,3.9512258150111927
28.920004614708485,-5.899747362377232,5.64521754302409,1.4283694439156838,3.8539211495811183
28.995941015172995,-5.888333004168709,5.720296185957901,1.4106769545537154,3.7541103103856095
29.071884064529034,-5.875533362437198,5.795147626292694,1.3914007370786279,3.651563189783681
29.14785348511521,-5.86123122401473,5.869744774089268,1.370811463139445,3.5712005152582083
29.223858227111332,-5.845350028498961,5.9440582632840435,1.349703095499285,3.5529222993541327
29.29989610093959,-5.8278960953476036,6.018054087418994,1.328660699697533,3.5614878363219074
29.37596308604859,-5.808885838222009,6.091697674867591,1.307736055371967,3.5716619875845974
29.452054668342477,-5.78833567078353,6.164954454003292,1.286916345181069,3.5806957003674125
29.52816589780003,-5.766262006693514,6.23778985319956,1.2661885585132016,3.588539048220978
29.604291445731324,-5.742681259613317,6.310169300829857,1.2455395184625848,3.595148095694184
29.68042566170632,-5.717609843204286,6.3820582252676505,1.2249559064026474,3.6004850886979725
29.75656263019915,-5.691064171127775,6.4534220548864045,1.2044242844817528,3.604518516706042
29.83269622699956,-5.663060657045133,6.52422621805958,1.1839311139908026,3.6045501861711085
29.908820264788584,-5.633615714281742,6.5944361430233,1.1634020097458848,3.5883924702361694
29.984929596886968,-5.6027371907603225,6.664013756605067,1.1425439561631594,3.548024535030402
30.061021910120502,-5.5704020990855,6.73290838061506,1.1210764718573687,3.495185086234242
30.137098196604555,-5.536580515478769,6.801066501373688,1.0989394886734927,3.4419907935868777
30.21316283209666,-5.501242516161631,6.8684346052013385,1.0761240860131318,3.3906558711340904
30.289223725822048,-5.464358177355581,6.9349591784184295,1.0526236133531583,3.3413319981807406
30.36529246752584,-5.425897575282121,7.0005867073453505,1.02843404097032,3.294171820433549
30.441384469810114,-5.385830786162745,7.065263678302513,1.003554323721863,3.249328730362892
30.517519103582647,-5.344127886218955,7.128936577610313,0.9779867712780919,3.2066162428964677
30.59371708831907,-5.300758951672249,7.191551891589155,0.9517254781466779,3.1625099761140665
30.669976508766112,-5.2556957521482754,7.253050594446746,0.9246497198894224,3.111059171327975
30.746264152168912,-5.208925177095869,7.31332444463264,0.8965533448485143,3.052388071288984
30.82254106489191,-5.160442065542375,7.37223932433257,0.8673117873729181,2.9912700923778894
30.898776047333108,-5.110241327284373,7.429660885374956,0.836858587132242,2.9300099043729224
30.97494645082391,-5.058317872118442,7.485454779588244,0.8051311926716866,2.8691972434774233
31.05103889301927,-5.00466660984117,7.539486658800849,0.7720718655596324,2.809395951101971
31.127049997852982,-4.949282450249136,7.591622174841211,0.7376294211816522,2.751502760748664
31.202987416593572,-4.89216030313892,7.641726979537756,0.7017789168185268,2.708350534894826
31.278878336892205,-4.833296401095625,7.689669115954606,0.6651582643831432,2.706133633435215
31.35477015713854,-4.772735449375319,7.73540425233451,0.629243880148753,2.7503575987172906
31.430710431884197,-4.7105834651767395,7.778998891949927,0.5949365714507752,2.8179436394896187
31.506734495844274,-4.646950400867825,7.820526651770569,0.5623024064481813,2.892775322053525
31.582865499980368,-4.58194620881652,7.860061148766141,0.5313389033775434,2.970679230192724
31.659115138303545,-4.515680841390762,7.89767599990636,0.5020307484116616,3.046708538511274
31.73548439627106,-4.448264250958511,7.933444822160917,0.4743525071226905,3.121001196161675
31.81196430277929,-4.379806389887702,7.96744123249953,0.4482711255177107,3.193669974416892
31.888533166863006,-4.310417210546282,7.9997388478919,0.4235144927703476,3.2648033769270515
31.965145445665787,-4.240198344319387,8.030375781047022,0.39876953902176404,3.2479330483926194
32.04174115422932,-4.169214734364829,8.059233602061047,0.3726520919363254,3.1526741002612453
32.118266209406336,-4.097521215425902,8.086150750093273,0.3447988163530799,3.0523452255563397
32.1946777317249,-4.025172621932287,8.110965662964817,0.3151302954234217,2.9562241456626435
32.27094517067308,-3.9522237883136526,8.133516778496807,0.28356948033545903,2.8645182349577145
32.3470514968264,-3.8787295489996914,8.15364253451036,0.2500445993043185,2.7774962163467807
32.42299444657931,-3.8047447384200743,8.171181368826586,0.21449270388443578,2.695479270232988
32.49878779768668,-3.7303241910044784,8.185971719266613,0.176863868984355,2.619746283976846
32.574463325926466,-3.655522741182576,8.197852023651562,0.13718041268632458,2.571788271294344
32.65008344159805,-3.5803949999749336,8.206669061480257,0.0967837491809587,2.5905826780020016
32.72573329551096,-3.5049902978272565,8.212466779010887,0.05832943300825361,2.676755075654385
32.8014861007669,-3.4293526044011324,8.215489284125338,0.02325434616657662,2.760350442711424
32.87738847039437,-3.353525649906017,8.215989625398764,-0.008355783129760295,2.8416454360707926
32.95346255158626,-3.277553164551386,8.214220851406315,-0.036509469153266604,2.920854887099545
33.02970879950299,-3.201478878546691,8.210436010723141,-0.0612393109258757,2.998144552718178
33.10610875592947,-3.125346522101398,8.204888151924392,-0.0825918664224621,3.073641244119514
33.182627777857114,-3.049199825424958,8.197830323585213,-0.10061908203302251,3.1474409651522355
33.259217685462836,-2.9730825187268466,8.18951557428076,-0.11537127172951048,3.2196155166033034
33.33581938920114,-2.89703833221652,8.180196952586181,-0.12689852125764056,3.29021797107465
33.41237394611366,-2.8211109920264468,8.170126424356281,-0.13603706413061573,3.359294812703656
33.488843815985604,-2.745343759873259,8.159432621200784,-0.14512639393612256,3.426905434628939
33.56521206573864,-2.6697790106495027,8.148008662139985,-0.15587468119169914,3.4931204325656426
33.641468103494276,-2.5944590194390553,8.135721160143481,-0.16846729069827665,3.558008794668919
33.71760662267596,-2.5194260613257695,8.122436728180888,-0.18291826014011825,3.621637433265713
33.79362840512295,-2.444722411393511,8.108021979221805,-0.19924045028793977,3.6840722567172106
33.869541131913024,-2.3703903447261307,8.092343526235828,-0.2174440392634952,3.6025404383034485
33.945360196207766,-2.2964721364075062,8.075267982192576,-0.2375347852400531,3.4957269582540564
34.021109509789405,-2.2230100615214923,8.056661960061641,-0.2595120671264489,3.3856482142785875
34.09682229202111,-2.150046395151949,8.036392072812637,-0.2833667297204023,3.2719239001741407
34.17254112353172,-2.077623412382735,8.014324933415159,-0.3090098892489572,3.1892704066173003
34.24830734886477,-2.0057815550999596,7.990337521396915,-0.33546786730482725,3.1863491774665444
34.324146192897686,-1.9345379281660797,7.964438784923258,-0.3612456936107701,3.2499451890558793
34.400069161592334,-1.8638935588153593,7.93672858960999,-0.3857324114686967,3.3192893130963044
34.47608053016882,-1.793849156451392,7.907308598374938,-0.408927504322944,3.387292392973225
34.55217792710756,-1.7244054304777903,7.876280474135923,-0.430847011787312,3.454031577320435
34.628352770846675,-1.6555630902981493,7.843745879810774,-0.4515104535872164,3.519571451123189
34.70459069973246,-1.5873228453160664,7.809806478317304,-0.4709397560093921,3.5839657884633973
34.78087199125761,-1.5196854049351387,7.774563932573342,-0.4891582937105626,3.6472590423531766
34.857171967739944,-1.452651478558976,7.738119905496712,-0.5061900438944421,3.7094876170329774
34.93346139857977,-1.3862217755911743,7.700576060005238,-0.5220594527081215,3.770680968467099
35.009711475378424,-1.3203970307935542,7.662033966731888,-0.5370091738042483,3.830866145762848
35.08590709879969,-1.2551871571260032,7.622561794573274,-0.5518186663116069,3.890078298348183
35.162047244923265,-1.1906248328392026,7.582144863893527,-0.5671213164433344,3.9483604247865918
35.23813461105013,-1.126746205357021,7.54075586987612,-0.5830037056085793,4.005755139893366
35.31417396282057,-1.063587422103339,7.498367507704524,-0.5994687059528505,3.9852416153341124
35.39017221975714,-1.001184630502025,7.454952472562214,-0.6165180841147513,3.9164062154442147
35.46613853940921,-0.9395739779769539,7.410483459632649,-0.6341523272785307,3.851204678702545
35.54208439934396,-0.8787916119520078,7.364933164099321,-0.6523704637383302,3.789570591633605
35.61802367614518,-0.8188736798510607,7.318274281145692,-0.6711698801099879,3.731491664154705
35.6939726988615,-0.7598563290979863,7.270479505955231,-0.6905454045342392,3.682416580582229
35.76994670512802,-0.7017756695316066,7.221521647148046,-0.7103744610410727,3.6576369594319154
35.84595132352402,-0.6446618457746327,7.171391517154339,-0.730298718107125,3.6618176430100178
35.92198337942677,-0.5885325635649723,7.120117470601349,-0.7500554226131737,3.6789331683475037
35.99803792386583,-0.5334039726908717,7.067732558177925,-0.7696259233390449,3.6964707833401422
36.07410922836718,-0.47929222294056295,7.0142698305728945,-0.7890220017592379,3.7129636487814692
36.15019083781264,-0.42621346410230565,6.959762338475114,-0.8082557306175991,3.7283250652165134
36.22627562266176,-0.37418384596433363,6.904243132573422,-0.8273394448521424,3.7424724587238924
36.302355830538566,-0.32321951831489226,6.847745263556655,-0.8462857164068418,3.7553276817723416
36.37842313720035,-0.27333663094221716,6.790301782113653,-0.8651073326874046,3.7677202875554556
36.45446934737024,-0.22455133363456614,6.731945738933268,-0.8837991246424808,3.790664381324055
36.530493149475014,-0.17687681640999742,6.672710929981262,-0.9021559169959698,3.8415208444580045
36.60650237740459,-0.13029402279613667,6.612639270963713,-0.9198602822258085,3.9004278952421094
36.68250613368434,-0.08476407424362176,6.551777668831191,-0.9367865032265571,3.9584542821234283
36.758510565198385,-0.040247803282899675,6.490173103285036,-0.9529323437010734,4.015642774543768
36.83451894784866,0.003293957555583482,6.4278725540265835,-0.9682990165942725,4.072031088860596
36.91053183402579,0.04590037574139316,6.364923000757175,-0.9828890975030308,4.127652420651479
36.98654720075389,0.08761061874408949,6.301371423178141,-0.9967062410033949,4.182535918085894
37.062560597567405,0.12846385403321658,6.237264800990824,-1.0097549140956597,4.236707104221354
37.13856533774782,0.1684992490783399,6.172650113896564,-1.0220415307651276,4.290188285849721
37.21455568582957,0.20775583830253286,6.107574156184798,-1.03366448169408,4.343000992002267
37.29053227626723,0.24626379533049114,6.042071373848502,-1.0448661048236694,4.395169753167518
37.36650026526892,0.28403902939099535,5.976156334199013,-1.0558069203533975,4.446720712296733
37.44246463017503,0.3210961585420682,5.909841805188483,-1.0664992251605647,4.497678432547778
37.51842974048746,0.3574498008417333,5.843140554769041,-1.0769422316807942,4.548065736604959
37.59439937194073,0.39311457434802133,5.776065350892823,-1.0871354055677291,4.597903841230221
37.67037672089124,0.42810509711895683,5.708628961511954,-1.097078446341245,4.647212479207582
37.746364418968604,0.4624359872125634,5.640844154578586,-1.106771268232344,4.696010010143382
37.82236454793661,0.49612186268687086,5.572723698044841,-1.116213981321183,4.744313521382718
37.89837788401038,0.5291773415999028,5.504280359862863,-1.1254747592824974,4.792138437651558
37.97440065039195,0.5616070641265347,5.435523853159131,-1.1349467626131942,4.807093918940611
38.05042537599145,0.5933680300655633,5.366449305497271,-1.145053912986799,4.7273570511989895
38.12644518546768,0.6244030367644919,5.297047496222758,-1.1558969062130373,4.6462572673882905
38.20245502642955,0.6546548791264266,5.2273092039326965,-1.1674797206500858,4.56372744422143
38.27845180181252,0.6840663520544643,5.157225207224185,-1.1798060557966645,4.479692001835629
38.35443450319665,0.7125802504517091,5.086786284694339,-1.19287915781428,4.39406570472823
38.43040434478522,0.7401393692212546,5.015983214940258,-1.2067016129806942,4.306752256815239
38.50636489745779,0.7666865032662065,4.944806776559046,-1.2212751259899384,4.217642644280969
38.58232219687912,0.7921644474896645,4.8732477481478025,-1.2365929414881818,4.134098660038289
38.65828362030372,0.8165170339024694,4.801297321964471,-1.2523852076087372,4.1105538585092525
38.73425480274304,0.8397251013033538,4.728961450795689,-1.2680625471548932,4.149006933785548
38.81023854105947,0.8618157294399209,4.656264531094552,-1.283278749288874,4.203589057757566
38.88623587843509,0.8828189107765647,4.5832321210804725,-1.2980158431316648,4.257481061702193
38.96224626246255,0.9027646377776701,4.509889778972886,-1.3122771385553524,4.310708444666329
39.03826760749449,0.9216829029076301,4.436263062991211,-1.3260665186299425,4.363294095647147
39.11429635667968,0.9396036986308358,4.362377531354868,-1.3393883402523745,4.415258526997077
39.190327543414554,0.9565570174116766,4.288258742283277,-1.3522473405966844,4.466620084653455
39.266354851980275,0.9725728517145447,4.213932253995852,-1.3646485495013794,4.517395137911222
39.3423711694225,0.9876811940038293,4.139423624712025,-1.376600923318335,4.567598574379898
39.418373126229014,1.001911672467802,4.064757337650258,-1.3881461050266262,4.617246850398664
39.49436316017327,1.0152906293927932,3.9899481791325524,-1.3993364414539227,4.666359253334652
39.570345219636664,1.027842665002356,3.91500579454779,-1.4101891688325385,4.714955040926933
39.646322436517096,1.0395923635562658,3.8399397821747723,-1.420704095334392,4.7630519983771835
39.72229713133927,1.0505643093143044,3.764759740292293,-1.430881185311797,4.810666534709914
39.7982708403795,1.0507830865362509,3.6894752671791355,-1.4407206825682408,4.857813784246912
39.87424434299557,1.0502732794818806,3.614095961114101,-1.4502230751108598,4.9045076998732196
39.95021768907497,1.0590594724109708,3.538631420375987,-1.4593890610872502,4.950761138915118
40.02619022652475,1.057166249583304,3.463091243243582,-1.4682195160082696,4.996585942350114
40.102160857324726,1.0546181952586524,3.387485027995684,-1.4767320312522438,5.041993143994808
40.17812924917717,1.051437430122199,3.3118216812603034,-1.4850233543153761,5.086993730604086
40.254096200119875,1.0576342912076278,3.2361068013947953,-1.4931968232605184,5.131598865934624
40.330062659269736,1.0532155964383124,3.1603449987631063,-1.5012763174346153,5.175819324103257
40.406029402896245,1.0581881631144996,3.084540883554258,-1.5092620912594599,5.219665328114412
40.481997037010565,1.0625588085364278,3.0086990659572734,-1.5171544370117709,5.263146581865802
40.55796600003057,1.0663343500043446,2.9328241561611783,-1.5249536867354758,5.306272299866046
40.63393656545721,1.065216048184908,2.8569207643549905,-1.5326602100097353,5.349051234834599
40.70990884455846,1.0621273902791118,2.78099350072773,-1.540274411760907,5.391491703368658
40.785882789051556,1.06415852368645,2.705046975468406,-1.5477967310751202,5.433601609839612
40.86185813646535,1.0656218221956702,2.629085798773753,-1.55523863028093,5.475388437264921
40.93783425930424,1.0665224311181885,2.553114669488929,-1.5626499148494286,5.516859185801982
41.013810288439274,1.0668596740934214,2.4771385951496097,-1.5700778286805446,5.558020461529259
41.08978535412887,1.0666316083761339,2.4011626504406873,-1.577531369403885,5.598878623877775
41.16575863057454,1.0658362912210929,2.3251919100470726,-1.5850112016339528,5.639439821789883
41.24172933706313,1.0644717798830564,2.2492314486536937,-1.5925179830119796,5.679710005142962
41.317696739113934,1.052536131616794,2.1732863409454417,-1.600052363931911,5.719694935468666
41.393660149630584,1.0500274036770714,2.097361661607236,-1.6076149872529564,5.75940019602092
41.46961893005763,1.056943653318647,2.021462485323969,-1.615206487997938,5.798831201241166
41.5455724922771,1.0532829377962927,1.9455938867805695,-1.622827354021874,5.837993206043057
41.621520989545644,1.0530433353772402,1.8697609380947693,-1.6303316087763855,5.8768916662991275
41.69746675877928,1.0532450486604059,1.7939660083763496,-1.6371488630760498,5.915532966083271
41.77341294698347,1.0589723402175062,1.7182036403013399,-1.6427781358882043,5.953923698036708
41.849361439556795,1.0533209999341915,1.6424669682130055,-1.6471427075952894,5.99206962221594
41.92531286432373,1.057386817696111,1.5667491264546083,-1.6502425493437176,6.029975696972972
42.00126695595201,1.0512655833889167,1.4910432493693975,-1.6520778077655782,6.067646286316826
42.07722292034243,1.055053086898255,1.4153424713006313,-1.652648656238576,6.105085359124546
42.15317979893045,1.0588451181097782,1.3396399265915786,-1.6519552068622116,6.142296680698926
42.229136832927914,1.05273746690913,1.2639287495855012,-1.6499974830980144,6.179283997172312
42.30509382761117,1.0568259231819652,1.18820207462565,-1.646777336984743,6.18064813398634
42.381051398797,1.0512059914329883,1.112453057678886,-1.6426822849258023,6.118891700650576
42.4570102170639,1.0559147606907722,1.0366792809116543,-1.638951736484639,6.056504558045132
42.53296988178693,1.0508599968186827,0.9608881254370942,-1.636553829788073,5.9934673449007105
42.60892916959931,1.0459321227971836,0.8850882864560958,-1.6356029199257214,5.929760360779128
42.684886543584845,1.0410215616067413,0.8092884591695402,-1.6360989787309512,5.865363091609251
42.760840630404125,1.0360187362278177,0.7334973387783332,-1.638042142656732,5.80025372964142
42.83679069750698,1.0308140696408863,0.6577236204833472,-1.6414326816502314,5.734408658021388
42.91273713051692,1.025297984826408,0.5819759994854738,-1.646270877092784,5.667801895540384
42.98868191073238,1.019360904764853,0.506263170985596,-1.6525568086713749,5.60040449654635
43.06462907089143,1.0128932524366796,0.43059383018460373,-1.6602660788413288,4.53218391987704
43.140583844978075,1.005789081217645,0.3549763898363487,-1.6685654013809186,4.463104537026508
43.21654875718836,0.9980648464703616,0.2794097397428086,-1.6756626178792955,4.393131007158708
43.292521807644114,0.9898859490936749,0.2038811816492032,-1.680516041009755,4.3222299420279855
43.368498359327326,0.9814267932806011,0.12837731683877962,-1.683067696678273,4.250368181279011
43.44447243682679,0.9728617832241477,0.05288474659481146,-1.6833184340933065,4.177511493371349
43.520437933249355,0.9643653231173328,-0.022609927799459584,-1.681268086277398,4.1036232521383065
43.59638981723363,0.9561118171531637,-0.0981201050607794,-1.676915429939259,4.028662989296865
43.67232534134901,0.9482756695246577,-0.1736591839058974,-1.6702585101930336,4.952584801774752
43.74824525256636,0.9410312844248248,-0.24924056305155062,-1.66129533216125,4.87533558912581
43.824155036882544,0.9345530660466776,-0.3248776412144885,-1.6501653258891316,4.796853058353452
43.90006470709434,0.9289941643623418,-0.40058219367683456,-1.6382032440401089,5.0
43.97598371486619,0.9243271403478213,-0.47635220201680717,-1.6272071156855652,5.0
44.05191773273209,0.9204334041173077,-0.5521786855500928,-1.617785151989643,5.0
44.12786904572962,0.9171936654994406,-0.6280526101033619,-1.6099417219681706,5.0
44.203837122197605,0.9144886343228631,-0.7039649415032745,-1.6036755659074717,4.996664889744781
44.279819181259185,0.9121990204162111,-0.7799066455765029,-1.5989850074305476,5.042078180153271
44.35581075927265,0.9102055336081287,-0.8558686881496929,-1.595868420304734,5.087091688072714
44.43180627502182,0.9083888837272509,-0.9318420350495167,-1.5943245764684388,5.131712670966053
44.50779959726988,0.9066297806022217,-1.0078176521026343,-1.594352189894272,5.175947726826642
44.58378547336552,0.9048090382213285,-1.0837865144205754,-1.5957725701838361,5.219803648358408
44.65976187254256,0.9028344917515536,-1.1597420058008812,-1.5979932967145938,5.263288755376998
44.735729293211605,0.9006768919869055,-1.2356831183823793,-1.6005408719557077,5.306412445946153
44.811688675885705,0.8983159253618593,-1.3116096408328861,-1.603356410000766,5.349183988473087
44.88764113282075,0.8957312783108868,-1.387521361820225,-1.606439903800887,5.391612382594572
44.9635879643355,0.8929026372684596,-1.4634180700122208,-1.6097913087229332,5.4337063845257285
45.03953067510905,0.8898096886690521,-1.5392995540766794,-1.6134105359081101,5.475474530839947
45.11547099044626,0.8864321189471331,-1.615165602681424,-1.6172974450687354,5.516925160802912
45.19141087250057,0.8827496145371789,-1.6910160044942781,-1.621451836732724,5.558066437370653
45.26735247369457,0.8787418618736575,-1.7668505481830596,-1.6258646955177267,5.598906333328868
45.34329735738704,0.8743898810244017,-1.8426689702523884,-1.630422903848975,5.6394522279690324
45.419245881381194,0.8696905605723293,-1.9184703865321318,-1.6349540082277996,5.679710606669129
45.49519780573458,0.864651202889724,-1.9942535055313915,-1.6393886446075583,5.7196874146783685
45.57115278314386,0.8592792919951373,-2.070017028654428,-1.643725774467955,5.759388334370743
45.647110370193765,0.853582311907112,-2.1457596573054794,-1.6479655588117017,5.798818802858494
45.723070029642244,0.8475677466442031,-2.2214800928888074,-1.6521081659292012,5.83798402405112
45.79903113269921,0.8412430802249569,-2.297177036808664,-1.6561537701937536,5.876888980014673
45.87499296129792,0.8346157966679222,-2.372849190469312,-1.6601025508910527,5.9155384416813765
45.950954711028835,0.8276933799916559,-2.4484952552749935,-1.6639543741373577,5.953936979293248
46.026915710078725,0.8204833620327117,-2.524113938444538,-1.6675908169745355,5.992089080420528
46.10287576743174,0.8130111194977765,-2.599706117098533,-1.6705987087554723,6.029999327679318
46.178834752158814,0.8053465303896798,-2.6752780796292246,-1.6726378368695558,6.067672189577768
46.25479214539663,0.7975662945862458,-2.750836943955676,-1.673662965255155,6.105111805659445
46.33074719140355,0.7897471119652932,-2.826389827996966,-1.6736740554734069,6.142322071956489
46.40669913187887,0.7819656824046453,-2.90194384967217,-1.6726710138248462,6.179306763585679
46.482647440317976,0.7742987057821207,-2.977506126900362,-1.6706536909914016,6.216069652853833
46.55859205643159,0.7668228819755454,-3.053083777600609,-1.6676219129714431,6.252614623164623
46.63453362063178,0.7596149108627364,-3.1286839196919782,-1.66357554334477,6.288945778984996
46.71047370528046,0.7527514923215177,-3.204313671093555,-1.6585621225251037,6.325067550540884
46.786414679646576,0.746302133341505,-3.279979510442214,-1.653199952978084,6.360984622297242
46.86235851327197,0.7402500284456499,-3.3556802451832954,-1.6484365855500775,6.396701366083489
46.938306089928645,0.7345213796331889,-3.43140961743865,-1.644655479026269,6.432221531228104
47.01425743847409,0.729041378540054,-3.507161279532088,-1.641863184986875,6.467548369982792
47.090211958803806,0.7237352168021882,-3.582928883787414,-1.6400595069419484,7.5
47.166168644570845,0.7185280860555237,-3.6587060825284485,-1.6392442605997497,6.5
47.24212630582179,0.7133451779360023,-3.73448652807898,-1.639417326718009,6.5
47.31808379157722,0.7081116840795598,-3.8102638727628317,-1.640578674971762,6.5
47.39404021278026,0.702752796122132,-3.886031768903809,-1.6427278199297242,6.5
47.46999527175986,0.6971937873060021,-3.961783875461938,-1.6456358666703828,6.5
47.545949360936945,0.6913945225905449,-4.037516664390992,-1.6484921268500417,6.5
47.621902889038324,0.6854030309671524,-4.1132337771318905,-1.650622863434043,6.5
47.69785591221398,0.6792811828973297,-4.188939980712046,-1.651936629351294,6.5
47.773808242045725,0.6730908488425689,-4.264640042158863,-1.6524334126924094,6.5
47.84975959763529,0.6668938992643687,-4.340338728499722,-1.652113195312925,6.5
47.925709757697426,0.66075220462423,-4.416040806762036,-1.6509759428847672,5.5
48.00165871266407,0.6547276353836473,-4.491751043973201,-1.6490216113072893,5.5
48.07760681680164,0.6488820620041205,-4.567474207160626,-1.6462501694832157,5.5
48.15355491594705,0.6432773549471476,-4.643215063351701,-1.6426858650946057,4.5
48.22950405412991,0.6379717177442892,-4.718978066660429,-1.6386654966239464,4.5
48.30545482930082,0.6329760576312173,-4.794763635223847,-1.6347188776281727,4.5
48.38140735282056,0.6282683944352021,-4.870569380768481,-1.6310676428641653,5.5
48.45736148098205,0.6238260826252349,-4.946392858243209,-1.6277161162526286,5.5
48.53331684128306,0.619626476670299,-5.022231622596939,-1.6246642074368407,5.5
48.60927285292783,0.6156469310393851,-5.09808322877858,-1.6219118163652924,5.5
48.6852287473143,0.6118648002014817,-5.1739452317370365,-1.619458841504722,5.5
48.761183588504004,0.6082574386255741,-5.249815186421188,-1.6173051872386195,6.0
48.83713629387987,0.6048022007806519,-5.325690647779945,-1.6154507676396703,6.0
48.913085953057106,0.6014764415444658,-5.4015691711933895,-1.613891453964134,6.0
48.98903274568875,0.5982581063826542,-5.47744893501679,-1.6126110014411306,5.5
49.06497783441805,0.5951269113973492,-5.553329985341992,-1.611595030083084,0.5
49.14092248817632,0.5920629031218914,-5.629212716812586,-1.6108413365774221,5.5
49.21686793085293,0.589046128089624,-5.705097524072178,-1.6103499621889654,5.5
49.292815356969626,0.5860566328338903,-5.780984801764371,-1.6101209221456108,6.5
49.36876594735879,0.5830744638880239,-5.856874944532763,-1.610154206651293,5.5
49.44472088484174,0.580079667785375,-5.932768347020951,-1.6104497813636853,5.5
49.52068136990356,0.5770522910592826,-6.0086654038725325,-1.6110075873360732,5.447401226004675
49.59664857480335,0.5739723802430907,-6.084566509731121,-1.6118328473161574,5.388216536725153
49.67262229020084,0.570819181299421,-6.160471903153251,-1.6130498502828048,5.328473225519238
49.7485997247365,0.5675539761655335,-6.236378320254181,-1.6148951061100316,5.268157545942607
49.82457698330643,0.5641203287674568,-6.3122790426732305,-1.6174912383704672,5.2072559505032485
49.900550560886984,0.5604610516662412,-6.388167205556277,-1.6208436310555754,5.14575387232945
49.976517530415826,0.556518957422937,-6.464035944049206,-1.6249528546766199,5.083635505515103
50.05247567363308,0.5522368585986026,-6.539878393297888,-1.6298195901656634,5.020883617193698
50.128423612213446,0.5475575677542874,-6.615687688448199,-1.6354445584458488,5.9574793449904515
50.20436093916614,0.542423897451048,-6.691456964646025,-1.6418284367445848,3.893401978183812
50.28028835042897,0.5367786602499356,-6.767179357037255,-1.648971761542689,3.828628720705468
50.356208051456676,0.530564668712004,-6.84284800076775,-1.6567606770353156,3.763134195345064
50.432124840016535,0.5237419551569413,-6.9184580678225585,-1.6643914757621918,3.696889315052297
50.508044470252315,0.5163745213743578,-6.994017028215518,-1.6709163152776894,3.6298624819438725
50.58397129382852,0.5085651951685355,-7.069536944495655,-1.6760764270889645,3.562021514686652
50.65990805909703,0.500416871168353,-7.1450298871163085,-1.6798711552670789,3.4933337489317084
50.73585633463729,0.4920324440026782,-7.220507926530837,-1.6823007564881773,3.423765566628911
50.8118169336992,0.48351480830038707,-7.295983133192595,-1.6833657446003911,3.35328188414643
50.88779033846392,0.4749668586903546,-7.371467577554958,-1.6830667546539573,3.281845594437907
50.963777123998184,0.46649148980145494,-7.446973330071271,-1.6814044832910462,-4.209416956641166
51.039778377109435,0.45819159626255956,-7.522512461194881,-1.6783813487270924,-4.135952929790929
51.11579463415711,0.4501698253565145,-7.598097005144592,-1.6744639477159262,4.061407899641294
51.19182178403293,0.442458962301461,-7.673728761806944,-1.6712152555692241,4.9857375008912275
51.26785072491194,0.4349263447432383,-7.749385294089089,-1.6698918215568506,4.90889896198761
51.343871221226976,0.4274153606662745,-7.825040656430519,-1.670652059783248,4.830847136460915
51.419873398826596,0.4197693980550037,-7.9006689032707555,-1.6734969620144142,4.7515326243072815
51.49584873646381,0.4118318448938565,-7.976244089049314,-1.6784290739003582,4.6709002240985935
51.57179106003099,0.40344608916726354,-8.051740268205712,-1.6854521279384354,4.588887192753004
51.64769754067078,0.39445551885965724,-8.127131495179444,-1.694570402582208,4.505421274577404
51.72356969682328,0.38470352195547175,-8.202391824410038,-1.7057878023573592,4.420418453030167
51.799414428722685,0.3740334864391377,-8.277495310337002,-1.7190901820735047,4.333780333715078
51.87524537529683,0.3622912627240602,-8.35241643593666,-1.7338266926480543,4.245390737629945
51.95108028776811,0.349417376452581,-8.427146160526544,-1.7485393333234913,4.298645366854749
52.02693552452469,0.3354747347500844,-8.501696741488084,-1.76234804527355,4.351262277836314
52.102824474968656,0.320534363128572,-8.576081849046492,-1.7751937489085077,4.40327345428206
52.17875772496014,0.30466728710005064,-8.650315153426973,-1.7870737429904697,4.426660205089857
52.25474326459242,0.2879445321765228,-8.724410324854725,-1.7979870185855706,4.339984467138495
52.330786698567735,0.2704371238699945,-8.798381033554964,-1.8079339265414174,4.251473960316617
52.40689145801393,0.2522160876924655,-8.87224094975289,-1.8169158700381562,4.161007479059406
52.48305901281555,0.2333524491559409,-8.946003743673717,-1.824935024345214,4.068452739405005
52.559288411729916,0.21391723377242666,-9.019683085542642,-1.8320480752900186,3.973665021567426
52.63556538874128,0.19397386209186163,-9.09328922128851,-1.8392516950443423,3.876498927320228
52.71185626938694,0.17345344956169217,-9.16677282364599,-1.8482887139322521,3.776815474319367
52.78812268481742,0.15217487785609674,-9.240034029699652,-1.8599950955532811,3.6744619977288466
52.864333202682154,0.12995347204696017,-9.312971375098027,-1.8744163304476567,3.569252834152566
52.94046535272275,0.10660455720617801,-9.385483395489633,-1.8915765621075595,-3.4609600248630676
53.016507389122204,0.0819434584056351,-9.45746862652301,-1.9115007159105173,-3.349302006344849
53.09246008485825,0.055785500717218994,-9.52882560384668,-1.9342106500681095,-3.2339290301961103
53.16833854428318,0.027946009212821643,-9.599452863109189,-1.9597205509283355,3.1144040165167866
53.244174009665336,-0.0017596910356676432,-9.669248939959038,-1.9880315782701687,2.9901768717375745
53.32001481998334,-0.03351627495636311,-9.738112370044778,-2.019082381159318,2.881706525054947
53.395909857013,-0.06750177849730132,-9.805943094826588,-2.0519507004136095,2.8386039057857184
53.47188367663342,-0.1037651449035879,-9.872668391292706,-2.085016331985825,2.8483308851521945
53.54794198136511,-0.142238117622016,-9.9382403536232,-2.1175118657893655,2.874954413670061
53.62408584234828,-0.18284818666766345,-10.002611976667211,-2.1494420172639876,2.9013666310502573
53.70031259603355,-0.22552284205560724,-10.06573625527387,-2.180842211528674,2.9266760931003617
53.77661615379497,-0.2701895738009279,-10.12756618429231,-2.211750513008056,2.950595763334015
53.85298730796959,-0.3167758719186926,-10.18805475857165,-2.2422072031545226,2.9728523552166624
53.929414033300475,-0.3652092264239828,-10.247154972961031,-2.2722544182760056,2.9931883606547824
54.00588178319102,-0.41541712733187275,-10.304819822309577,-2.301935844472535,3.0079246033792435
54.08237118447832,-0.4673270646574439,-10.361002301466437,-2.331432550841853,2.9930877426196494
54.15884630119305,-0.5208780311520282,-10.415637292965574,-2.361725594972924,2.9264202671837736
54.23526158618306,-0.5760757553563893,-10.468554596548369,-2.3939716482276645,2.829928402891527
54.311582792661746,-0.6329499736926651,-10.51954620892366,-2.428547836122141,2.7327166930295745
54.38779414799301,-0.6915304542148739,-10.568404076992412,-2.465538439730225,2.641708039997004
54.46390018593558,-0.7518469649770134,-10.614920147655614,-2.505012596478416,2.5572053003407937
54.5399275983827,-0.8139292740331028,-10.658886367814233,-2.547017641033639,2.4795873237412955
54.61592705160196,-0.8778071494371504,-10.70009468436927,-2.59157112547175,2.413142839341058
54.69196652095213,-0.9435103587046516,-10.738337044676374,-2.638365626719146,2.373860698320454
54.76809367676347,-1.0110329953343689,-10.773435515978894,-2.6860313534066846,2.369314037991386
54.84431881113967,-1.0802368950518728,-10.805323831927211,-2.7333229778620662,2.38208208709785
54.92063955632551,-1.1509532504106845,-10.833961598472797,-2.7801017503656196,2.395251526129872
54.99704927608963,-1.2230132539643321,-10.859308421567096,-2.8264802690124373,2.405515630724121
55.07353826601598,-1.2962480982663438,-10.881323907161553,-2.8725746208707386,2.412651602962738
55.15009494378634,-1.370488975870228,-10.89996766120762,-2.91850294814282,2.4165209449184966
55.226707030842036,-1.445567079329515,-10.915199289656758,-2.9643841544007565,2.4173593516591243
55.303362848616395,-1.5213136011977246,-10.926978398460403,-3.0103147776849037,2.4183576060946543
55.3800526125313,-1.5975595338439472,-10.935267955912959,-3.056171480353135,2.4238704804643594
55.45676605514436,-1.6741338811175908,-10.940064329933136,-3.1017256155811443,2.43246865601631
55.533489856169496,-1.7508645083516,-10.9413830112189,3.136218715667394,2.439495233044942
55.61020809862926,-1.8275792674505293,-10.939239716014423,3.0911735639510747,2.4430810333580633
55.68690342511636,-1.9041060103189382,-10.933650160563909,3.046203306103246,2.44309617651874
55.763558194390065,-1.9802725888613688,-10.924630061111532,3.001185973531625,2.439518832545038
55.8401556390756,-2.0559068549823794,-10.912195133901488,2.955999602986552,2.4324160788691676
55.91668102832992,-2.1308366605865237,-10.89636109517796,2.9105233017610517,2.42194273345877
55.9931228389079,-2.2048898575783635,-10.87714366118513,2.864638397157137,2.4085713483490623
56.069474576541715,-2.277894297862436,-10.854558548167201,2.8182479989631775,2.3998104482751557
56.145752611529005,-2.349679932454892,-10.828623710895977,2.7718116869669767,2.4118666647283127
56.222005740986354,-2.420138573559079,-10.799423073945729,2.726456693103007,2.449466285021151
56.29828719812312,-2.489232537602698,-10.767115748772223,2.6828495865798496,2.500042106667372
56.37463364482983,-2.556927978005711,-10.731864938663836,2.6410177211732084,2.5543885201174934
56.451065198871206,-2.6231910481880965,-10.693833846908927,2.6009302165341426,2.6113023377833726
56.52758656849627,-2.6879879015698274,-10.653185676795875,2.5625365450114765,2.6700434581922297
56.60418820685723,-2.7512846915708784,-10.610083631613037,2.5257706770378383,2.7298575887711967
56.68084745624021,-2.8130475716112264,-10.564690914648779,2.4905547455048107,2.7899760311004025
56.757529659754304,-2.8732426951108336,-10.517170729191488,2.4568021623696645,2.849615167953776
56.83418922485746,-2.931836215489679,-10.467686278529527,2.424420173238366,2.90789430918958
56.91077127610248,-2.9887942861677352,-10.416400765951257,2.393308569202394,2.9611672096308737
56.987235354431064,-3.0440836653517955,-10.363476143268931,2.3632595490265538,3.0038109025563036
57.06358487637053,-3.097692108602444,-10.309030912791536,2.3339811275865507,3.03746970712397
57.1398481938995,-3.14963327660024,-10.253129971759261,2.3053361353730124,3.0695835757968544
57.21605104116643,-3.199922429960786,-10.195834906691184,2.2773265801611,3.103566425246747
57.29221491810876,-3.2485748292996908,-10.137207304106337,2.249958053044795,3.1394043716164126
57.36835721956107,-3.2956057352325545,-10.077308750523787,2.2232320117039923,3.1768855094868544
57.44449137521432,-3.3410304083749836,-10.016200832462593,2.1971461506120735,3.215794570119996
57.520626997836615,-3.3848641093425855,-9.953945136441806,2.1716947764232635,3.2559131019913643
57.59677003738575,-3.4271220987509663,-9.89060324898048,2.1468691789269614,3.297019607042197
57.67292293888667,-3.4678196372157273,-9.826236756597675,2.1226579897806315,3.3389017858902883
57.74908488926005,-3.5069719853524752,-9.76090724581245,2.099047897959713,3.381676885516336
57.825254025005925,-3.544594540870338,-9.694676181547498,2.0760332195514173,3.426036931425507
57.90142950460225,-3.5807059556282894,-9.627602142427543,2.0536189386279347,3.4722976285065497
57.977609597419374,-3.61532819275471,-9.559740770116628,2.031802947279716,3.5198518734721205
58.05378971922597,-3.6484833638965113,-9.491147574548908,2.010572521952823,3.5681359307123364
58.12996247864068,-3.680193580700602,-9.421878065658541,1.9899130901003972,3.6169379831629485
58.206117814980566,-3.7104809548138906,-9.351987753379703,1.969808899726355,3.666061988512798
58.28224313314061,-3.7393675978832808,-9.281532147646553,1.9502432308386062,3.7153093481981068
58.35832343487654,-3.766875621555682,-9.210566758393261,1.931198583431851,3.7644786842557343
58.434341446006066,-3.7930271374780027,-9.139147095553989,1.9126568425153512,3.813365593824148
58.510277739169986,-3.8178442572971494,-9.067328669062908,1.894599421048812,3.861616781595801
58.586111913769756,-3.841349092660033,-8.995166988854166,1.8770049362540264,3.9064634625777606
58.6618420755573,-3.86356404173769,-8.922715428107514,1.8598125728723296,3.945060263141895
58.73750098939768,-3.8845167102292275,-8.849988524849095,1.842949935122082,3.9810924049957466
58.81313757752416,-3.9042392424882024,-8.776966970078183,1.8264061547895303,4.020703014415108
58.88880006329509,-3.9227639348245242,-8.703630321579123,1.8102078700618731,4.066182596845829
58.964535372283756,-3.9401230835481016,-8.629958137136299,1.7943810145518027,4.117765851384021
59.04038910632487,-3.956348984968847,-8.555929974534049,1.7789495282861443,4.172663179681655
59.11640552573945,-3.9714739353966717,-8.48152539155674,1.763935269933628,4.226963038347807
59.19262753960416,-3.985530231141486,-8.406723945988725,1.7493579589720445,4.280718235383728
59.26909670382482,-3.9985501685131997,-8.331505195614373,1.735235146535626,4.333977802904711
59.34585322668099,-4.010566043821724,-8.255848698218038,1.7215822130888192,4.356656054885959
59.42293008826715,-4.02161015337697,-8.179734011584081,1.7083358598303156,4.267280558471967
59.5003147992865,-4.0317014905860775,-8.103150750432341,1.6949161626616454,4.1756240556974635
59.577942122658776,-4.040770822708175,-8.026155228059231,1.680588456285884,4.081612796529892
59.65573479364894,-4.0487130037263475,-7.948830908038516,1.6651092225262851,3.985177073969858
59.73361985355832,-4.0554227829401075,-7.871261333084331,1.6484367165401204,3.88623027004335
59.81152915677997,-4.060794909648966,-7.793530045910759,1.630525284911063,3.7846654646857045
59.889399872836584,-4.0647241331524375,-7.715720589231916,1.6113251756785267,3.6803512765792497
59.967175032218705,-4.067105202750032,-7.637916505761908,1.590783052615374,3.5731266315647545
60.044804118597824,-4.067832867741262,-7.560201338214833,1.5688426420904853,3.4627941118995396
60.12224370923144,-4.066801877425639,-7.482658629304791,1.5454455524631872,3.350423452785429
60.19945816428184,-4.063906981102676,-7.405371921745905,1.520532309265446,3.243330742165634
60.27642036424904,-4.059042928071885,-7.328424758252268,1.4940436515044648,3.1414131606478835
60.353112492680204,-4.052104467632777,-7.251900681537992,1.4659221341440434,3.0446548021047715
60.42952685867544,-4.042986349084865,-7.175883234317169,1.4361140777234622,2.9531124549529255
60.50566675039459,-4.031583321727662,-7.100455959303917,1.4045718963269,2.86690425462162
60.58154730675314,-4.017790134860678,-7.02570239921234,1.371256817653035,2.7862003633383146
60.65719638981559,-4.001501537783426,-6.951706096756544,1.3361419816814228,2.711215041994657
60.73265543519251,-3.9826122797954184,-6.878550594650631,1.2992158657687694,2.642199627280216
60.80798025230043,-3.9610171101961655,-6.806319435608694,1.2604859334549032,2.72638364377562
60.88326918702369,-3.936610778285181,-6.735096162344865,1.2406632623882974,2.8080066562219512
