0.0,-1.7508191788730803,0.9309914999225324,1.955135726306662,4.316880724348112
0.10313814039102895,-1.789486486787376,1.0265954219023712,1.9458860787189396,4.195721366384808
0.2062872288232198,-1.8263897407537837,1.122926369579698,1.9261408880717221,4.07094422708247
0.30941929403952073,-1.8612603913014896,1.2200054640624582,1.9038819720338351,3.9422412721512976
0.4125286176361187,-1.89382999123539,1.3178538025338504,1.8796830903523956,3.8778220514515245
0.5156371801637852,-1.9239505043619165,1.4164643151602458,1.8558850098233577,3.956785973222422
0.6187710667874627,-1.9518270225544936,1.5157473269965216,1.8345662573828194,4.034223414441964
0.7219405439855007,-1.977729038267591,1.6155980982593938,1.8160548725203391,4.016220825262734
0.8251372353073012,-2.001927594259199,1.7159115016535456,1.8020870771276436,3.885622576120341
0.9283213300112536,-2.0250414382423276,1.8164954979630696,1.7983074555370124,3.75049621477166
1.0314370529108354,-2.0484746595289858,1.9169617449119585,1.809178804605438,3.6104105899496712
1.1344791242616634,-2.073739107823765,2.0168949645635337,1.8351755857122225,3.4647718416242728
1.237541624880433,-2.102326536774508,2.115885471978917,1.8692474626362947,3.5295762319314368
1.3406905269941256,-2.1343481374728475,2.2139078109979025,1.8930810568828473,3.616186083389166
1.4438422900196204,-2.1676681654360284,2.3115618772834416,1.8943739161392172,3.4876238404253295
1.5469020248062442,-2.1999445128209514,2.4095050001450424,1.8724433716017395,3.336603468264829
1.649919048950612,-2.228904876190156,2.5083747350777745,1.8358154202741812,3.1784827296987483
1.753016587089415,-2.253910536196285,2.6083458847118184,1.8010921755501001,3.274345383710464
1.8562309861717747,-2.2759721131264072,2.709126035667122,1.7769865531050983,3.367584310202223
1.9595158236380528,-2.296173182873108,2.8104021080943227,1.7630627590412717,3.4583714536061407
2.0627797787441655,-2.3154442840622322,2.911889391141811,1.7517835253345049,3.5468178472758547
2.165939437983309,-2.333348358527328,3.0135566896614314,1.7328296640428493,3.4028059076546944
2.268974881962738,-2.348728798022571,3.115506193758316,1.7025609565595305,3.2478814026031486
2.3719728657127113,-2.3604227100267865,3.2178412714463427,1.6644656535994566,3.242444541415036
2.47505623056883,-2.367996097724462,3.3205991233986047,1.6340087729182524,3.3364572218580704
2.578212560687233,-2.37344633594642,3.4235962364123047,1.6255029918220547,3.4279563553229915
2.6813667278742552,-2.3792771463303937,3.526603132379833,1.6409781165169737,3.4041579814459166
2.784530206421334,-2.387913540929046,3.6293966951391585,1.6685490689138205,3.249100918280494
2.8877043365070856,-2.3994140663169663,3.7319450854171716,1.6834638656625294,3.086246178825279
2.9907926997236034,-2.4111131362541576,3.8344366503980236,1.6717570689399823,2.9144522374107384
3.0937848480476577,-2.420194476902185,3.9370719170568975,1.6338293327914857,2.7320524081554356
3.196818422063809,-2.424088349576145,4.040011878246286,1.5796138753482336,2.536488639979766
3.3000255030823684,-2.422011460440169,4.143131054367014,1.5217448157199762,2.500478410759519
3.4034987124908875,-2.4139674827137085,4.246177768595389,1.464053430243748,2.4946967575688968
3.5072451651652035,-2.39996332556618,4.348899613699521,1.4053026484104898,2.4255196121109197
3.610995003505572,-2.379785249973672,4.450835728946123,1.3403799586570662,2.2707734339992003
3.71438086776426,-2.3525739461159065,4.5509153619419,1.2640696819213209,2.091942942717774
3.8172868215731786,-2.3173526600786216,4.647956807050571,1.174669825402625,1.9705464640361974
3.9200233145635597,-2.2731618946528864,4.740789708286339,1.0785519929724865,1.996083633121976
4.023086518801529,-2.2202451096675517,4.829034888609362,0.9943531688558864,2.1453971883651857
4.126587477898513,-2.1608136622453147,4.91360744738185,0.9346235726914041,2.285549135421759
4.230189945621744,-2.0972608697539945,4.995542158327135,0.8995546636958589,2.4177157932160958
4.333512584121726,-2.0319407394914295,5.075859273424712,0.8823742637929136,2.5426925665063065
4.436555710604575,-1.9659751137428043,5.1551238639671055,0.8699188405314419,2.661492860532135
4.539587425509202,-1.8990380689438675,5.233366174298192,0.8547968982357003,2.7751999092121786
4.642878434256958,-1.8307208995250237,5.31058586781719,0.8362835746069521,2.8073958346684793
4.746411484868362,-1.7605815080551837,5.386682548829402,0.8089897454751269,2.616513112216311
4.849819993290974,-1.6877977068506498,5.460416876861974,0.7644309181750248,2.410820562002441
4.952836016387229,-1.6113058763485353,5.5298260580617065,0.6986641497033306,2.1867545704105007
5.05561091690749,-1.5300385399186949,5.5929357408293665,0.6135316708339681,2.022437294183873
5.158587019687929,-1.4432443032849749,5.648173125482913,0.5229266062729195,2.0473372385524233
5.2620130678573265,-1.3516095208577372,5.695791932341276,0.44152523194491505,2.192115332160345
5.365820719714135,-1.2562291255205968,5.736564940972311,0.37202224843553233,2.3298531156777478
5.469709719202398,-1.1581963156664163,5.771260113674321,0.31043493251813475,2.410909083412496
5.573330285055476,-1.0583827486947182,5.800035469846444,0.24661310445749418,2.298516068728228
5.676504483154618,-0.9572253070391028,5.821852013837969,0.1728796291906697,2.136946515944652
5.779306915008462,-0.8551102851140246,5.835531471923298,0.08830530907158295,2.0441640678435955
5.882111907852553,-0.7524215581902602,5.839984427844859,0.000760181322954552,2.0966400270698493
5.985289434320648,-0.6495003588343402,5.835687772779178,-0.07531251517789277,2.239411655305925
6.088869315609797,-0.5466514490381851,5.8244579970946795,-0.1333015784577677,2.3741195946402787
6.192579039385654,-0.4441784155432109,5.80815475923813,-0.1753821691069131,2.5017398330581995
6.29609493889712,-0.342413830695532,5.788266527431517,-0.21345400930451025,2.622936825274079
6.399280085092395,-0.2418451908423358,5.764297810087317,-0.260600432146827,2.5736486863234496
6.502209249645633,-0.1430115394928051,5.735093001645987,-0.32021630851502714,2.365243309911697
6.605134776767041,-0.04645118562449957,5.69949939662339,-0.3893357403227294,2.281611451531213
6.70828419567887,0.04743390996348884,5.656957303567136,-0.45857416057948597,2.3426380867782135
6.8116731195435305,0.13853380219196998,5.6081770840709115,-0.5210060672958099,2.4714948409438064
6.915165086598349,0.2267762341754156,5.554033015579147,-0.5763063453192477,2.59407759158063
7.018584778169363,0.3120859294060132,5.495385204403167,-0.6266992064399216,2.6961834965781457
7.1218561946610635,0.39430946357428454,5.432727008037224,-0.6759698354360616,2.696947705053837
7.224990159851009,0.47321010422800747,5.366160817599669,-0.7261238692940924,2.6728772320840686
7.328022706719251,0.5485470659013938,5.295770003354775,-0.7770472511399527,2.6907852511125814
7.431052112183898,0.6201318461529857,5.221672670658972,-0.8257289946318632,2.803301928154169
7.534193836038219,0.6882593295836923,5.14430807104714,-0.8678610109030963,2.9115892642195966
7.637491384695666,0.7534858359462344,5.064289144822286,-0.9019182545325701,3.0161461064516573
7.740888267064078,0.8163702313777694,4.982230524557632,-0.9299417566556899,2.991073843205774
7.844230351210279,0.8771238306208406,4.898526340167951,-0.9611091921751207,2.8130236213099518
7.947389605189644,0.934719858133926,4.812785219903299,-1.0042694199520816,2.6232631118997785
8.050406354118444,0.9878559640633098,4.724440954941059,-1.0610906314821573,2.418954705025731
8.153471556222737,1.0352477992478581,4.6329410226245695,-1.1274785271911396,2.3267264235700282
8.256712247097534,1.0762733128894961,4.5382364545503755,-1.1943725813247026,2.3660699338105835
8.360082407946011,1.111149728182525,4.440916393492737,-1.2566945221265449,2.454404936095477
8.463452862681624,1.1401482875905318,4.34161105379477,-1.3146390644683033,2.5358332275145976
8.56673677337598,1.1635306551984481,4.240921288217777,-1.3693260729057544,2.5973378619038407
8.669950060594683,1.1814845871869002,4.139221392080149,-1.4218506008411302,2.645695787824244
8.773124996280458,1.1941634534439265,4.036780252887755,-1.4725723888907665,2.695598684904509
8.876279283862878,1.2017205083103875,3.933866146441428,-1.5212767489457764,2.7679765673046095
8.979444895181903,1.204375592116735,3.8307245798033343,-1.5668380124605483,2.8776184502226076
9.08264372472089,1.2025372300138084,3.727536540226101,-1.608249566953959,2.983266820499884
9.185850500386808,1.1966471381607056,3.624471665466791,-1.645371281326787,3.085307371444697
9.28903362338335,1.1871582129349711,3.521696699555962,-1.6755340370255123,3.1840572096415354
9.392185235386906,1.1750723065695459,3.419236302707125,-1.6921760506225065,3.279806394635448
9.495284984751938,1.162178627701615,3.3169113471566796,-1.6910919179570796,3.3727923865073244
9.598323346787437,1.1503271980835432,3.214526965151297,-1.672335287735577,3.463229512275321
9.701368315891617,1.1412897491037644,3.111896052715613,-1.6440757238107866,3.551369942616488
9.804484060836973,1.1352385641459586,3.008990117465478,-1.6214352229504652,3.637433564890495
9.907647568267196,1.1308508768344545,2.9059289258038454,-1.6119660380931393,3.7215459131352002
10.010797682000906,1.1267465399047678,2.8028379343930947,-1.6155426608516557,3.8037881994106306
10.113909479131499,1.121622778129173,2.6998351945857557,-1.6264516703064937,3.884259961531813
10.217007959223054,1.1152750192723424,2.5969336482687364,-1.63538207202904,3.9630879790017843
10.320123519406877,1.1083146503684969,2.4940681415275456,-1.6382602251490135,4.040391031869489
10.423279546246787,1.1013724155327855,2.391171667773417,-1.6353319788075498,4.038574387108036
10.526472018730626,1.0950094076799823,2.288185568174228,-1.631798805997124,3.9087284831984257
10.6296466051547,1.0887902292958422,2.185170614138224,-1.6361413852815891,3.7744420105660543
10.732744276090356,1.0815351028518725,2.0822767916626024,-1.6520897027581836,3.6353040838105097
10.835763977057969,1.0720463703567962,1.979656229733493,-1.6793967442304136,3.490736136131351
10.938789058268167,1.059203095741025,1.8774512156028074,-1.711257276176216,3.5759423432972466
11.041894606533674,1.0431994425546804,1.775635338181056,-1.735784465301658,3.661420070434318
11.145070428112184,1.0253348552132966,1.6740404031663019,-1.7474146884004358,3.745003586333438
11.248260050051544,1.0069431384874132,1.5724938085791926,-1.7462639022470163,3.826772738651522
11.351423597000531,0.9893075293431153,1.4708301079187542,-1.7373136812043077,3.9068108317373644
11.454555493094002,0.9727446521976901,1.3690206329223606,-1.7295366012374496,3.9852179678834663
11.557653588827666,0.956702494850675,1.2671596297117134,-1.7273374245989823,3.957484414615065
11.660713296655137,0.9405981426706713,1.1653457171844117,-1.730685200384925,3.8250602366036577
11.76375182018134,0.9238865321505143,1.0636692709671358,-1.7362954699156827,3.687912767187477
11.866815857068296,0.9066480466434159,0.9620844559918762,-1.738515934729993,3.5454280714061643
11.969963084235482,0.8894766675956767,0.8604335850774252,-1.7347257021533848,3.396849707868008
12.073247814163674,0.8729815852575653,0.7585556588479054,-1.7246928351117055,3.2412560279251412
12.176618248740583,0.8578116881802753,0.6563055105164288,-1.7063223557684783,3.0776673460255526
12.27989425873919,0.8450485090433002,0.5537105216547449,-1.6763998311725823,2.905043234240394
12.38294123046496,0.8360395911798886,0.4509041649581871,-1.63348916101894,2.721912282853399
12.485806659867478,0.8321363577935461,0.34802146050294525,-1.578998214075768,2.570470451332361
12.588730424450153,0.8343522287843346,0.24518022597002798,-1.5245835616113703,2.687910141479593
12.691889481924823,0.8416457557360797,0.14239369823760661,-1.484166394545843,2.800681215975296
12.79526359358986,0.8522032057006736,0.03963580940907896,-1.461442345293504,2.90930574940261
12.898709603690351,0.864209463733455,-0.06311957853922578,-1.4559241442280735,3.014089581301463
13.002057466794126,0.8759171099440026,-0.1658926771040612,-1.4660777154338334,3.11525651957149
13.10518551148213,0.8858148152429726,-0.2686830286431192,-1.490588708938405,3.0868077295693346
13.208080666197597,0.8924426873386109,-0.37148567235550267,-1.5292809559357945,2.9153782622799254
13.310911157917742,0.8943558223234644,-0.47429602106755375,-1.575298695019753,2.998100893646404
13.41390203807752,0.8915167289900836,-0.577144571289546,-1.609302289425974,3.099444183953315
13.51711195484163,0.8864262562369785,-0.6801250947331141,-1.6176371249166184,3.0978716561555646
13.620527120287797,0.8818513945322692,-0.7833379974302366,-1.6001487651167339,2.926201828915829
13.724101700692056,0.8803561534259945,-0.8868663330695838,-1.5753914312778534,2.7435217038521404
13.827521760946425,0.8808995258445877,-0.99048497126687,-1.5756952680634249,2.5480798136958107
13.930400290905812,0.8793428598767692,-1.0937039715405623,-1.6167540437701828,2.3375041042467086
14.032875806067144,0.8714467294996817,-1.1960247784762759,-1.6954489664324779,2.1069338588946924
14.135667967239366,0.853861282755954,-1.297064769281322,-1.7779556340711806,2.248538025649156
14.238985977684177,0.8291619863011865,-1.3972135308618423,-1.8227597138653073,2.3824003264479034
14.342370518293825,0.8023457177923223,-1.497176217468513,-1.8187500044413372,2.5092107442614227
14.445464803931982,0.7784165663102591,-1.5976589231716076,-1.7729385600124783,2.629582528262977
14.54847822724118,0.7609495673100328,-1.6991665282515207,-1.7197583216694465,2.744591920996836
14.651617644180885,0.7478397712007396,-1.8014041590137033,-1.6941380999021547,2.8551044314419265
14.754863576331736,0.7355712321621741,-1.9038782704935606,-1.7029226420506132,2.961603772847481
14.858231191539174,0.7206360743460305,-2.0060962421537942,-1.7358954944297544,2.9252748072774284
14.961666761242718,0.7015942658351619,-2.1078023280588827,-1.7596061048196963,2.7427863571661124
15.064839374602814,0.6818084387840031,-2.209290934594934,-1.7475017662546348,2.5477737080548573
15.167549304259543,0.6653214007048245,-2.3109343832482185,-1.6960494762759493,2.3375310844753057
15.27013800832334,0.6561461772188286,-2.413101549950764,-1.6159490050422058,2.1237557031096648
15.37315276066018,0.6560602388484655,-2.5159026727152174,-1.537087266701853,2.2646030116803835
15.476666229927615,0.6630899229678979,-2.6190140099697095,-1.4796543184865192,2.3978130903213604
15.580339924394243,0.6749029771468162,-2.7220703338372774,-1.444596746059387,2.5241928973270324
15.683778287614505,0.6891876740019995,-2.8247124472228906,-1.4274289536005196,2.6442730498641422
15.786910925494297,0.7044608502283323,-2.9268246062753507,-1.4192164216380474,2.758799700869305
15.889903708728372,0.7203337532983785,-3.0286126329232506,-1.4146577568092622,2.8686115960375362
15.99293219582489,0.7364926191102414,-3.1303043826058286,-1.4134957598201598,2.974408077500484
16.096091942656592,0.752613129600431,-3.2321255771777606,-1.4178016591114477,3.076696587655395
16.19931267321088,0.7679354002091738,-3.334213884547964,-1.4322733173898332,3.1551993484092264
16.302472448713292,0.7811186539278738,-3.43658953964416,-1.45983599493863,2.987253784528174
16.405555190404314,0.7907817372010717,-3.5392646148877605,-1.5006942786216062,2.8094230290697886
16.508660562459887,0.7955594420701457,-3.6422486512244223,-1.551248943236983,2.655931806831083
16.61187012616387,0.7948123610148352,-3.745435963669654,-1.6030140742783345,2.6943083912481245
16.71515526404754,0.7889102331814568,-3.8485606580999736,-1.6508303773426234,2.8069571664797577
16.818422357407375,0.7782973493185557,-3.951345004800115,-1.6945183746976094,2.915237742382445
16.921600818170553,0.7634225409157347,-4.053516135769943,-1.7333366030181871,3.0195499431521537
17.024726314375304,0.7449035332134004,-4.154982015453315,-1.7652273410474306,3.1203260785402986
17.127860845259146,0.7235731369925897,-4.255880897714492,-1.7888662748972437,3.2179561870419766
17.231011933064682,0.7002781117380152,-4.356365971121749,-1.8042351235780247,3.3127252449539117
17.334158240897736,0.6758504079684764,-4.456587471588775,-1.8135999297196645,3.4048533588912866
17.437286031311576,0.6506802230969679,-4.556607557014177,-1.821650788968549,3.4945376143398867
17.54039520540282,0.6246512205102377,-4.6563873910736895,-1.831028531305837,3.581961499316229
17.643490688589175,0.5976192223451102,-4.7558825863739145,-1.8418345504264932,3.667290700462931
17.74658380407391,0.5694473208105011,-4.855051036644925,-1.8533211006820116,3.75067724212712
17.8496896840275,0.5401383748026385,-4.953894490074662,-1.8641346876860236,3.832259784295922
17.952821270450936,0.5098212750578268,-5.052454239739289,-1.8736090795251,3.9121611128470226
18.0559857690259,0.4786294261979078,-5.150772995032417,-1.8814260042689952,3.990487634904063
18.15916537217005,0.446755117150091,-5.248908597776085,-1.8843917163982435,3.9485734789601117
18.26231058402581,0.41497160048396786,-5.347068189179684,-1.8779545154310044,3.8157280301653547
18.365383935188135,0.38438298971564144,-5.445543937006798,-1.8604230333106668,3.678185271103988
18.468412119021835,0.356097236314155,-5.544628995320297,-1.834339597771372,3.535359253347434
18.57147452180739,0.33070466458848635,-5.644485798031133,-1.8130050444877592,3.386464383745059
18.67459836564992,0.3066587260288207,-5.744737139013882,-1.8098855244095504,3.2306195356229264
18.77779410523702,0.28186153453996354,-5.844866578852294,-1.8276588709732366,3.066748308563567
18.881083552107885,0.2542255309526298,-5.944357285115962,-1.863338895534929,2.8934496227459787
18.9843903255549,0.22228672268866223,-6.042668705060379,-1.909629529285061,2.709055736764875
19.087571089277404,0.1855499025391829,-6.139223433592682,-1.9619859183096635,2.5614603064670867
19.190575335573904,0.1436034640399746,-6.233440885469,-2.019803813524664,2.4962741313515786
19.293540094203244,0.0961274635954501,-6.324812028160867,-2.077682878944417,2.5828602382019037
19.396684990705683,0.04363340644596159,-6.4134768642705815,-2.127787236192993,2.700006738713633
19.500127034231685,-0.012924402818957681,-6.499921048858059,-2.167360770012922,2.7545235554731575
19.6037577034334,-0.07259483072221595,-6.584625987435493,-2.2020189628190114,2.5595103683398808
19.707203209561932,-0.13523600090251042,-6.6672444942296725,-2.2480233300094383,2.3487524910798943
19.810186496046924,-0.20223985658675048,-6.7458589190014075,-2.31773898768158,2.1182080633176894
19.912938971017066,-0.27516939332007206,-6.818376472538413,-2.4087637741660606,1.993843519638274
20.015992870801163,-0.3549885887992388,-6.883336587214962,-2.4984468513135685,2.143300114194961
20.119391752253527,-0.44009956143250406,-6.941982559319158,-2.563824427084559,2.2834466641947895
20.222679677329186,-0.5282196897254674,-6.996280380379023,-2.603484854586386,2.415337702822582
20.3256828838104,-0.6174821111883615,-7.047855185185577,-2.633109907900462,2.5400542233510617
20.428854263464963,-0.708163034865521,-7.096575119630172,-2.669205682066079,2.4972726096829083
20.532685372785803,-0.8012271859809146,-7.141743852280073,-2.716817624395835,2.2799253044483927
20.63671126219764,-0.8973706174076956,-7.182156003942792,-2.784527574020766,2.03906853728503
20.739859658392028,-0.9961564500980247,-7.214463345282005,-2.8837855127555994,1.7681392868781045
20.84195416084565,-1.0968495887202958,-7.234753594704785,-3.016544668586864,1.6356535723456849
20.94424966358779,-1.1987510826433416,-7.2399302765623625,3.1331152340748267,1.7935739405330355
21.047659593054437,-1.3014332426143702,-7.2330192116965275,3.044237334745356,1.9589198699689307
21.151773562863493,-1.40459159015214,-7.219827054986971,3.01226474958474,2.112356711309296
21.255757057796522,-1.5079222283021916,-7.206164535619198,3.0235872275634414,2.2552054995967894
21.35925855429935,-1.6111122602130918,-7.195342739364,3.0385824946685047,2.3889246167320883
21.462262563775063,-1.713827928124265,-7.184878815192594,3.0254549946983995,2.514952262227424
21.564932448145374,-1.815732526517546,-7.171471197943598,2.9798962476037794,2.3723826612994783
21.667725548762434,-1.9164891616824797,-7.1518206083580775,2.906789933645431,2.144823649035929
21.770989140300202,-2.015677495366206,-7.123641337291657,2.8236128916697107,2.1086475155682884
21.874624923752478,-2.11266292639384,-7.087250248376976,2.7439493404601722,2.166191778294612
21.97835584492187,-2.2067769412837603,-7.043376125542912,2.6686392355876816,2.2240893409335896
22.0818788498139,-2.297351026554337,-6.992747752718339,2.5968118436582315,2.2802936333422164
22.185149268432866,-2.383851157516208,-6.936078538835828,2.529140196678421,2.3612235286772916
22.28836807464185,-2.4663511295992744,-6.874012405758195,2.4671970057712187,2.4780706052375425
22.391695422190658,-2.54509636989636,-6.807173654113374,2.411501209094245,2.6001534589010755
22.49517117573346,-2.620332315741424,-6.736186583358515,2.3613471849498144,2.6875403544959933
22.59867338414103,-2.6921852668951036,-6.661592808310443,2.3111172718062933,2.595804956355994
22.702027506217103,-2.759961946125283,-6.583365135584189,2.2536760838166696,2.411495268459622
22.805187973008106,-2.8226242945744224,-6.501237084188924,2.186582747516704,2.246932565798419
22.908295371415658,-2.8791330558800765,-6.414941342033629,2.1106082175439496,2.164332912692589
23.011540119204412,-2.928613470451798,-6.324344922060897,2.0324956643046104,2.1896769973185015
23.114928425968493,-2.971117964688288,-6.230071960211226,1.9597298085313672,2.285345242626024
23.218279450819956,-3.0070235276099835,-6.133011624282842,1.8936898911562954,2.3892713088573423
23.32139937077703,-3.03670698763955,-6.034052018828493,1.8328013102455096,2.4561678258825252
23.424392384943527,-3.0604432821108682,-5.933810215159113,1.7740293726885294,2.4788646225005397
23.527640040905265,-3.0782825664043183,-5.832305358090887,1.7156234766474356,2.48780393121077
23.631513024038462,-3.0902449728268886,-5.729476730196807,1.6573979190947101,2.4310520036501786
23.735820829420526,-3.096251217886369,-5.625337935379308,1.5929740011647147,2.2061132769263945
23.839703584365594,-3.094871202654509,-5.520912421044757,1.510352622383305,1.9565551975807418
23.942510211780647,-3.0837007461470636,-5.4179518395121296,1.401926560657034,1.7405662565143238
24.044582303493133,-3.060314132464446,-5.31822394218691,1.272448324240053,1.7161712800596511
24.147128629776752,-3.023694280141314,-5.222826055301661,1.1601829551127063,1.8869345034216967
24.250589944421638,-2.978446931447367,-5.130179379556949,1.104039187461434,2.0448202141197154
24.354432975536092,-2.9305806121712634,-5.038037475163831,1.1098630184528968,2.1918822721029803
24.458224893280374,-2.88607145100352,-4.944167898575483,1.15815966107261,2.329613573368985
24.561842807166165,-2.847334080218394,-4.847876849181578,1.1951969737351014,2.4594322280843106
24.664877744094905,-2.8100510979307534,-4.751378909701987,1.1816783012998304,2.3121421540644005
24.76715931515789,-2.769156832640337,-4.657211931399733,1.1136023141771685,2.079227171323928
24.86946339938142,-2.719750370637792,-4.567825490320018,1.0163832054717084,2.051916624488567
24.972546073765074,-2.661442003862275,-4.483252113463025,0.9438287972621257,2.1974662409590016
25.076122718966822,-2.598794864824595,-4.400870656170718,0.9241258117027329,2.3345915598590183
25.179579366389575,-2.5366254124091707,-4.317924244599294,0.9564835566833266,2.4639516301870623
25.282834331225217,-2.4795306469052276,-4.231787369273683,1.0164002720963896,2.586616984579537
25.38608574735032,-2.42791240856217,-4.14234567572655,1.0590301236895123,2.703718905815834
25.489207425504343,-2.3784025076222175,-4.051741488530704,1.062293116430527,2.815817108867353
25.59203625819677,-2.3274986261519004,-3.962197419217448,1.0260134936470064,2.7056687845997396
25.69479004467413,-2.271824047668418,-3.8758548568459013,0.9658880845141556,2.508606327661604
25.797821544480016,-2.2106292226081723,-3.793156285001328,0.9118449971568363,2.6289341387754774
25.90118944450648,-2.1456541306039756,-3.712934287742569,0.8789296657017407,2.7443582321151028
26.004732270179947,-2.0787368002036235,-3.633958044006704,0.8673571133602516,2.855303672154461
26.108227881645828,-2.011701951699241,-3.5550062004355283,0.8749735052295144,2.9620487384602634
26.21152070838346,-1.9460518673330303,-3.475086791226622,0.8979639749146394,3.064880044869592
26.314568820268242,-1.8829570386618664,-3.3934438917468954,0.9344248489891738,2.901595561157951
26.41748310200602,-1.8235727779804543,-3.3093323761317626,0.9836461436182694,2.745472389975877
26.520507655218754,-1.7689299208471507,-3.2220869136418875,1.0299215178700416,2.8229421911247647
26.62367146417955,-1.7174809518000562,-3.1326950112384795,1.044300360319397,2.633887720618383
26.726833477503185,-1.665248861142055,-3.043701589762289,1.0123829287116004,2.4301737369142917
26.830274618747467,-1.608161966804155,-2.95771225925587,0.9376535353904976,2.207109643661849
26.93441594573802,-1.5428404820220178,-2.8769188942303945,0.8639012511483966,2.3056347958554073
27.038320462993376,-1.4728873867154828,-2.7993378549752324,0.851685778424475,2.0680683352601448
27.1405339274873,-1.405953404979663,-2.720565055252668,0.9242811325873042,1.8040986653635172
27.24153388358446,-1.349738859036604,-2.6361667502234187,1.0726782566648332,1.5244006817997227
27.343751139393813,-1.3094432722950087,-2.543111515373342,1.226051406853425,1.7137972381607984
27.447826952471694,-1.2806488631601103,-2.4437608199339254,1.3142486172934817,1.8872084813276104
27.552369240788575,-1.2566263025941153,-2.3417723309533613,1.3304044823953052,2.0466581497397556
27.656164929357885,-1.2308693335861944,-2.240688520933002,1.3025915007067244,2.1935322457880626
27.759223874713733,-1.2016144067453944,-2.141602724925277,1.2793034463838826,2.3302226042691943
27.861995063319274,-1.1716346692811865,-2.0432655247645943,1.2860993966110807,2.458976314867702
27.96488797508555,-1.1438844193546251,-1.944334082243671,1.3208481705922164,2.5814573379542782
28.06805814784213,-1.1207327789031014,-1.8438744449167075,1.3708394786813118,2.628527733883771
28.171361151676283,-1.1028996475221247,-1.742105037187506,1.4254867019379647,2.536352320290592
28.274653031471725,-1.0908164772496618,-1.6394458331716368,1.48338197436413,2.4898851119197807
28.377896855685933,-1.0848642513332853,-1.536310056172379,1.5422027155253453,2.508578507578401
28.481116543149422,-1.0849130542097463,-1.433042590585898,1.5982744832579436,2.586249934102258
28.584297995104755,-1.0905361109593823,-1.3299486122720587,1.6502854195660615,2.7032901126915583
28.687423472372995,-1.101299385278669,-1.22733129710753,1.6963067792006583,2.8154094368289266
28.79054281747915,-1.1163548502282805,-1.1253200488949648,1.7303281000352524,2.923225336443003
28.893683150006602,-1.1340616268820338,-1.02371147276419,1.7478608561966615,3.0272245312805945
28.996797549884235,-1.1526892837554397,-0.9222645842658315,1.749166590939508,3.12774275829276
29.09987198670005,-1.1706519636855979,-0.8207546667657262,1.7412015661527915,3.225092461147077
29.202960447881082,-1.1876483669818292,-0.7191015448133697,1.7334999630572245,3.3196012034631353
29.306131501946417,-1.2040498880199837,-0.6173007359488301,1.7293837762821882,3.3852415747667317
29.40941020954878,-1.2202346430929683,-0.5153487529379763,1.7305274668940733,3.229097930305844
29.512692361961996,-1.2369034181112655,-0.4133727797079043,1.7427023483339532,3.0650043914117515
29.61582117686046,-1.2555696542081876,-0.3118291002802671,1.7707579554754274,2.891878934255143
29.718769291429236,-1.2778727267474528,-0.21122499812393336,1.8152392616451474,2.7080403661505685
29.821706315544336,-1.3053998066562684,-0.11205369368560092,1.8689927810374347,2.6545656910627073
29.92481972019882,-1.338357849710801,-0.014436600003520539,1.9174497695207828,2.7686457765655272
30.02811915971807,-1.3754658247175362,0.08190570925943597,1.9527740635444193,2.8784016525164864
30.131474897076245,-1.4153689034805939,0.17727254014694793,1.9750488797295158,2.9841800376918752
30.234763048007228,-1.4567719942718642,0.2719555463333201,1.9875376103691664,3.0862694961627324
30.33796249665062,-1.498987436400974,0.3661685682767306,1.994771235619541,3.185004881441301
30.441093645176633,-1.5416817488035144,0.46008007526714856,1.9984171878276773,3.2807076959035837
30.54417349962484,-1.584525869021069,0.5538579705616673,1.9984870049330345,3.3736511545579595
30.647218989732952,-1.6271907345952221,0.6476701574173767,1.9949753107227601,3.4640720335031916
30.75025093426771,-1.669347283067553,0.7416845390913629,1.987880475717468,3.5521805585453423
30.85328347154183,-1.7106664519796446,0.8360690188407194,1.983437594003511,3.638156393580712
